Juego,Plataforma,Año,Publicadora,Desarrolladora,Región,Edición,Serial,Ubicación,Completitud,Caja,Manual,Juego,Estado General,Estado Caja,Estado Manual,Estado Juego,Extras,Observaciones,Precio Compra,Lugar Compra,Fecha Compra,Valor de referencia,Tasación Actual,Fecha tasación,Proceso Juego,Valoración Personal
1942,Famicom,1985,Capcom,Micronics,Japón,,CAP-19,,Completo,TRUE,TRUE,TRUE,8,6,8,8,Tarjeta puntuación más alta,Comprado por 3500Y. Tiene tarjeta de puntuaciones,"19,79 €",Mandarake (Osaka),23/oct/2025,"30,00 €","30,00 €",04/11/2025,Sin Jugar,
Akumajou Special: Boku Dracula-Kun,Famicom,1990,Konami,Konami,Japón,,RC847,,Casi completo,TRUE,TRUE,TRUE,6,5,7,8,,Falta inserto interior. Comprado por 12880Y,"73,02 €",Surugaya (Shinjuku),29/oct/2025,"120,00 €","120,00 €",04/11/2025,Sin Jugar,
Captain Tsubasa,Famicom,1988,Tecmo,Tecmo,Japón,,,G2,Completo,TRUE,TRUE,TRUE,,,,,,Comprado por 1000Y. También tengo un cartucho suelto (valorado en 15€),"20,00 €",Wallapop,04/mar/2018,"50,00 €","50,00 €",08/08/2025,Jugado,
Dragon Quest,Famicom,1986,Enix,Chunsoft,Japón,,,,Completo,TRUE,TRUE,TRUE,,,,,,Comprado por 500Y. Con pegatina de precio en caja,"2,00 €",Japón,oct/2018,"90,00 €","90,00 €",08/08/2025,Sin Jugar,
Dragon Spirit,Famicom,1987,Namcot,Namco,Japón,,T4907892000551,,Completo,TRUE,TRUE,TRUE,8,9,8,5,"Publicidad, registro","Comprado por 1740Y. Pegatinas del juego pegadas en cartucho, pero muy buen estado","9,86 €",Super Potato (Ikebukuro),31/oct/2025,"70,00 €","70,00 €",04/11/2025,Sin Jugar,
Excitebike,Famicom,1984,Nintendo,Nintendo R&D1,Japón,,,,Suelto,FALSE,FALSE,TRUE,,N/A,N/A,,,,"8,00 €",Japan Weekend Madrid,17/feb/2024,"10,00 €","10,00 €",08/08/2025,Sin Jugar,
F-1 Race,Famicom,1984,Nintendo,HAL Laboratory,Japón,,HVC-FR,,Completo,TRUE,TRUE,TRUE,6,5,6,8,,Comprado por 1380Y. Caja con ligera humedad y pegatina en solapa ,"7,69 €",Ojamakan (Nishinomiya),19/oct/2025,"15,00 €","15,00 €",04/11/2025,Sin Jugar,
Final Fantasy,Famicom,1987,Squaresoft,Squaresoft,Japón,,SQF-FF,,Completo,TRUE,TRUE,TRUE,7,7,8,8,,Comprado por 10000Y. Sin tarjeta de registro ,"56,33 €",Mandarake (Osaka),23/oct/2025,"100,00 €","100,00 €",04/11/2025,Sin Jugar,
Final Fantasy I - II,Famicom,1994,Squaresoft,Squaresoft,Japón,,,K10,Casi completo,TRUE,TRUE,TRUE,,,,,,Falta inserto y corcho. Corcho sustituido por caja de lentillas. Comprado por 5670Y,"36,00 €",Surugaya (Akihabara),oct/2023,"80,00 €","80,00 €",08/08/2025,Sin Jugar,
Final Fantasy II,Famicom,1988,Squaresoft,Squaresoft,Japón,,,K10,Completo,TRUE,TRUE,TRUE,,,,,,Solapa interior de la caja rota. Comprado por 4500Y,"28,00 €",Surugaya Outlet (Osaka),oct/2024,"90,00 €","90,00 €",08/08/2025,Sin Jugar,
Final Fantasy III,Famicom,1990,Squaresoft,Squaresoft,Japón,,,K10,Completo,TRUE,TRUE,TRUE,,,,,,Comprado a 3600Y,"23,00 €",Japón,oct/2023,"70,00 €","70,00 €",08/08/2025,Sin Jugar,
Fire Emblem Gaiden,Famicom,1992,Nintendo,Intelligent Systems,Japón,,,,Completo,TRUE,TRUE,TRUE,,,,,,,"12,00 €",Ebay,04/mar/2018,"40,00 €","40,00 €",08/08/2025,Probado,
Fire Emblem: Ankoku Ryū to Hikari no Tsurugi,Famicom,1990,Nintendo,Intelligent Systems,Japón,,,,Completo,TRUE,TRUE,TRUE,,,,,,,"9,00 €",Ebay,04/mar/2018,"45,00 €","45,00 €",08/08/2025,Probado,
Hoshi no Kirby: Yume no Izumi no Monogatari,Famicom,1993,Nintendo,HAL Laboratory,Japón,,,,Completo,TRUE,TRUE,TRUE,,,,,,Caja escrita con lápiz en lateral. Una pestaña interior de solapa rota,"12,00 €",Japón,oct/2018,"55,00 €","55,00 €",08/08/2025,Jugado,
Hydlide Special,Famicom,1986,Toemiland,T&E Soft,Japón,,,,Suelto,FALSE,FALSE,TRUE,,N/A,N/A,,,,"8,00 €",Japan Weekend Madrid,17/feb/2024,"5,00 €","5,00 €",08/08/2025,Sin Jugar,
Makaimura,Famicom,1986,Capcom,Micronics,Japón,,,,Suelto,FALSE,FALSE,TRUE,,N/A,N/A,,,,"5,00 €",Japón,oct/2018,"20,00 €","20,00 €",08/08/2025,Probado,
Metal Gear,Famicom,1987,Konami,Konami,Japón,,,,Casi completo,TRUE,TRUE,TRUE,,,,,,"Buen estado, falta tarjeta registro. Comprado por 10500Y","60,00 €",Trader (Akihabara),nov/2024,"250,00 €","250,00 €",08/08/2025,Sin Jugar,
Nekketsu Koukou Dodgeball,Famicom,1988,Technos Japan Corp.,Technos Japan Corp.,Japón,,,,Suelto,FALSE,FALSE,TRUE,,N/A,N/A,,,,"10,00 €",Emere (Torrejón),oct/2017,"7,00 €","7,00 €",08/08/2025,Probado,
Saint Seiya Ougon Densetsu Kanketsu-hen,Famicom,1988,Bandai,Shinsei,Japón,,SHI-OK,,Completo,TRUE,TRUE,TRUE,8,8,9,9,Registro,Comprado por 4909Y,"27,79 €",Surugaya (Akihabara),30/oct/2025,"70,00 €","70,00 €",04/11/2025,Sin Jugar,
Star Wars,Famicom,1987,Namcot,Namco,Japón,,,,Completo,TRUE,TRUE,TRUE,,,,,,Comprado por 7400Y,"45,00 €",Surugaya (Shinjuku),nov/2024,"115,00 €","115,00 €",08/08/2025,Probado,
Super Mario Bros.,Famicom,1985,Nintendo,Nintendo R&D4,Japón,,,K14,Completo,TRUE,TRUE,TRUE,,,,,,Comprado por 6900Y,"42,00 €",Surugaya Outlet (Osaka),oct/2024,"60,00 €","60,00 €",08/08/2025,Probado,
Super Mario Bros. 3,Famicom,1988,Nintendo,Nintendo R&D4,Japón,,,K14,Completo,TRUE,TRUE,TRUE,,,,,,También tengo un cartucho suelto (valorado en 30€),"25,00 €",Ebay,04/mar/2018,"50,00 €","50,00 €",08/08/2025,Jugado,
Super Mario USA,Famicom,1992,Nintendo,Nintendo EAD,Japón,,,K14,Completo,TRUE,TRUE,TRUE,,,,,,Plástico interior roto. Comprado por 6500Y,"40,00 €",Surugaya (Shinjuku),oct/2024,"60,00 €","60,00 €",08/08/2025,Sin Jugar,
Tetris,Famicom,1988,Bullet Proof Software,Bullet Proof Software,Japón,,,,Incompleto,TRUE,FALSE,TRUE,,,N/A,,,Pestañas de solapa rotas. Pegatina de precio en caja,"3,00 €",Japón,oct/2018,"20,00 €","20,00 €",08/08/2025,Probado,
Wagyan Land,Famicom,1989,Namcot,Now Production,Japón,,T4907892000520,,Completo,TRUE,TRUE,TRUE,9,8,9,9,"Pegatinas, publicidad, registro","Comprado por 2090Y. Todo el contenido, pegatinas incluidas","11,75 €",Surugaya (Osaka),18/oct/2025,"30,00 €","30,00 €",04/11/2025,Sin Jugar,
Wanpaku Duck Yume Bouken: Ducktales,Famicom,1990,Capcom,Capcom,Japón,,,,Completo,TRUE,TRUE,TRUE,,,,,,"Daño en portada de caja, pastico interior roto. Falta solapa interior caja. Comprado por 8000Y","50,00 €",Surugaya (Shinjuku),oct/2024,"90,00 €","90,00 €",08/08/2025,Sin Jugar,
Wario no Mori,Famicom,1994,Nintendo,"Nintendo, Intelligent Systems",Japón,,,,Casi completo,TRUE,TRUE,TRUE,,,,,,Plástico interior roto. Falta tarjeta registro. Comprado por 3500Y,"22,00 €",Book Off (Ikebukuro),nov/2024,"40,00 €","40,00 €",08/08/2025,Sin Jugar,
Wizardry III: Diamond no Kishi: The Second Scenario,Famicom,1990,ASCII,Sir-Tech Software,Japón,,,,Incompleto,TRUE,FALSE,TRUE,,,N/A,,,,"3,00 €",Book Off (Kyoto),oct/2018,"15,00 €","15,00 €",08/08/2025,Sin Jugar,
Zelda no Densetsu 1 The Hyrule Fantasy,Famicom,1994,Nintendo,Nintendo R&D4,Japón,,,K13,Completo,TRUE,TRUE,TRUE,,,,,,Versión cartucho 1994 (original es de FDS),"78,00 €",Ebay,28/dic/2017,"185,00 €","185,00 €",08/08/2025,Probado,
Asterix,Master System,1991,SEGA,SEGA CS2,Europa,,,G1,Completo,TRUE,TRUE,TRUE,,,,,,Muy buen estado,"22,50 €",Wallapop,28/feb/2024,"30,00 €","30,00 €",09/04/2025,Jugado,
Land of Illusion Starring Mickey Mouse,Master System,1993,SEGA,SEGA CS3,Europa,,,G1,Completo,TRUE,TRUE,TRUE,,,,,,Muy buen estado,"22,50 €",Wallapop,28/feb/2024,"30,00 €","30,00 €",09/04/2025,Jugado,
Master Games 1,Master System,1993,SEGA,SEGA,Europa,,,G1,Completo,TRUE,TRUE,TRUE,,,,,,"Contiene Colums, Super Monaco GP y World Soccer","25,00 €",Japan Weekend Madrid,17/feb/2024,"25,00 €","25,00 €",09/04/2025,Probado,
Shadow Dancer: The Secret of Shinobi,Master System,1989,SEGA,SEGA,Europa,,,G1,Suelto,FALSE,FALSE,TRUE,,N/A,N/A,,,Primera entrega saga Shinobi tras Arcade (3 entregas antes). Conversión directa de Arcade,"8,00 €",Japan Weekend Madrid,17/feb/2024,"15,00 €","15,00 €",09/04/2025,Probado,
Sonic The Hedgehog,Master System,1991,SEGA,Ancient,Europa,,,G1,Completo,TRUE,TRUE,TRUE,,,,,,Muy buen estado,"27,00 €",Wallapop,18/feb/2024,"40,00 €","40,00 €",09/04/2025,Probado,
Sonic The Hedgehog 2,Master System,1992,SEGA,Aspect,Europa,,,G1,Completo,TRUE,TRUE,TRUE,,,,,,Muy buen estado,"27,00 €",Wallapop,18/feb/2024,"35,00 €","35,00 €",09/04/2025,Probado,
The Cyber Shinoby,Master System,1991,SEGA,SEGA R&D2,Europa,,,G1,Suelto,FALSE,FALSE,TRUE,,N/A,N/A,,,Segunda entrega Shinobi en Master System,"8,00 €",Japan Weekend Madrid,17/feb/2024,"15,00 €","15,00 €",09/04/2025,Jugado,
World Grand Prix,Master System,1986,SEGA,SEGA,Europa,,,G1,Incompleto,FALSE,FALSE,TRUE,,,N/A,,,Caja de la repro de Snow Bros de Mega Drive. Tengo portada y cartucho,"8,00 €",Japan Weekend Madrid,17/feb/2024,"10,00 €","10,00 €",09/04/2025,Probado,
Akumajou Dracula,Famicom Disk System,1986,Konami,Konami,Japón,,,,Completo,TRUE,TRUE,TRUE,,,,,,4000Y?,"23,00 €",Surugaya Outlet (Osaka),oct/2024,"90,00 €","90,00 €",09/04/2025,Sin Jugar,
Super Mario Bros.,Famicom Disk System,1986,Nintendo,Nintendo R&D4,Japón,,,K14,Completo,TRUE,TRUE,TRUE,,,,,,Comprado por 6100Y,"38,00 €",Surugaya (Shinjuku),nov/2024,"60,00 €","60,00 €",09/04/2025,Sin Jugar,
The Hyrule Fantasy - Zelda no Densetsu,Famicom Disk System,1986,Nintendo,Nintendo R&D4,Japón,,,K13,Completo,TRUE,TRUE,TRUE,,,,,,Con pegatina de sellado. Comprado por 5980,"53,00 €",Ojamakan (Osaka),oct/2024,"120,00 €","120,00 €",09/04/2025,Sin Jugar,
Bishoujo Senshi Sailor Moon,PC Engine,1994,Banpresto,TamTam,Japón,,BACD4002,,Completo,TRUE,TRUE,TRUE,7,8,6,9,Spinecard,Super CD-Rom². Comprado por 2500Y,"14,13 €",Trader (Akihabara),30/oct/2025,"60,00 €","60,00 €",04/11/2025,Sin Jugar,
Bishoujo Senshi Sailor Moon Collection,PC Engine,1994,Banpresto,TamTam,Japón,,BACD4004,,Casi completo,TRUE,TRUE,TRUE,7,7,7,7,Registro,Super CD-Rom². Comprado por 1437Y,"8,14 €",Bic Camera Outlet (Ikebukuro),27/oct/2025,"35,00 €","35,00 €",04/11/2025,Sin Jugar,
L'Abbaye des Morts,Mega Drive,2017,PlayOnRetro,Locomalito,España,,,,Completo,TRUE,TRUE,TRUE,,,,,Tarjeta dedicatoria,Homebrew. Con tarjeta dedicatoria :),"33,99 €",PlayOnRetro web,14/nov/2017,"80,00 €","80,00 €",09/04/2025,Probado,
Ayrton Senna's Super Monaco GP II,Mega Drive,1992,SEGA,SEGA,Japón,,G-5514,,Completo,TRUE,TRUE,TRUE,8,8,8,9,Publicidad ,Comprado por 636Y,"3,58 €",Surugaya (Osaka),18/oct/2025,"23,00 €","23,00 €",04/11/2025,Sin Jugar,
Bishoujo Senshi Sailor Moon,Mega Drive,1994,Ma-Ba,Arc System Works,Japón,,T-16043,,Completo,TRUE,TRUE,TRUE,8,8,8,9,,Comprado por 20700Y,"116,60 €",Surugaya (Shizuoka),26/oct/2025,"200,00 €","200,00 €",04/11/2025,Sin Jugar,
Castlevania The New Generation,Mega Drive,1994,Konami,Konami,Europa,,,,,FALSE,FALSE,FALSE,,N/A,N/A,N/A,,Reproducción,"29,95 €",Ebay,,,,09/04/2025,Jugado,
Disney's Aladdin,Mega Drive,1993,SEGA,Virgin Games,Europa,,,,Completo,TRUE,TRUE,TRUE,,,,,,No es primera edición . Muy bien estado,"10,00 €",Feria Retro (Torrejón),01/abr/2017,"40,00 €","40,00 €",09/04/2025,Completado,
Disney's El Rey León,Mega Drive,1994,Virgin Interactive Entert.,Westwood Studios,España,,,,Completo,TRUE,TRUE,TRUE,,,,,,Con pegatina de sellado. Manual con dobleces. Plástico de carátula con daños,"5,49 €",Ebay,22/may/2015,"25,00 €","25,00 €",09/04/2025,Jugado,
Dynamite Headdy,Mega Drive,1994,SEGA,Treasure Co,Europa,,,,Completo,TRUE,TRUE,TRUE,,,,,,Buen estado. Tiene pegatina de sellado,"25,00 €",Feria Retro (Torrejón),01/abr/2017,"50,00 €","50,00 €",09/04/2025,Probado,
Fantasia,Mega Drive,1991,SEGA,Infogrames,Europa,,,,Incompleto,FALSE,TRUE,TRUE,,N/A,,,,Precio completo 50€. Manual sin cubiertas,"0,00 €",Original (primo Kike),ene/1992,"20,00 €","20,00 €",09/04/2025,Jugado,
Fatal Fury,Mega Drive,1993,Takara,"Gai Brain, Aspect",Europa,,,,Incompleto,TRUE,FALSE,TRUE,,,N/A,,,Portada con bordes blancos y dobleces,"15,00 €",Feria Retro (Torrejón),01/abr/2017,"35,00 €","35,00 €",09/04/2025,Probado,
FIFA 96,Mega Drive,1995,Electronic Arts,Extended Play Productions,Europa,,,,Completo,TRUE,TRUE,TRUE,,,,,,Manual con dobleces,"0,00 €",Original (regalo Reyes),ene/1996,"15,00 €","15,00 €",09/04/2025,Jugado,
Last Battle,Mega Drive,1989,SEGA,SEGA R&D2,Europa,,,,Incompleto,FALSE,TRUE,TRUE,,N/A,,,,Precio completo 20€. Manual con marcas de uso pero bien,"0,00 €",Original (primo Kike),ene/1992,"20,00 €","20,00 €",09/04/2025,Probado,
MEGA GAMES 1,Mega Drive,1992,SEGA,SEGA,Europa,,,,Incompleto,TRUE,FALSE,TRUE,,,N/A,,,Columns / Super Hang-On / World Cup Italia '90,"0,00 €",Original (primo Jesús),ene/1993,"10,00 €","10,00 €",09/04/2025,Jugado,
MEGA GAMES 2,Mega Drive,1993,SEGA,SEGA,Europa,,,,Incompleto,TRUE,FALSE,TRUE,,,N/A,,,The Revenge of Shinobi / Streets of Rage / Golden Axe,"10,60 €",Ebay,17/oct/2014,"15,00 €","15,00 €",09/04/2025,Jugado,
Mega Man: The Wily Wars,Mega Drive,1994,Capcom,Minakuchi Engineering,Europa,,,,,FALSE,FALSE,FALSE,,N/A,N/A,N/A,,Reproducción,"9,92 €",Ebay,,,,09/04/2025,Probado,
Micro Machines,Mega Drive,1993,Codemasters,Codemasters,Europa,,,,Completo,TRUE,TRUE,TRUE,,,,,,Daño en esquina de caja,"14,00 €",Ebay,29/sept/2014,"35,00 €","35,00 €",09/04/2025,Completado,
NBA Live 97,Mega Drive,1996,Electronic Arts,NuFX,Europa,,,,Completo,TRUE,TRUE,TRUE,,,,,,Caja y plástico de carátula rotas,"0,00 €",Original (regalo Reyes),ene/1997,"10,00 €","10,00 €",09/04/2025,Jugado,
Paprium,Mega Drive,2020,WaterMelon,WaterMelon,Europa,,,,Completo,TRUE,TRUE,TRUE,,,,,,Sellado excepto caja de envío,"60,00 €",WaterMelon web,28/mar/2017,"800,00 €","800,00 €",09/04/2025,Sin Jugar,
Pier Solar,Mega Drive,2010,WaterMelon,WaterMelon,Europa,,,,Completo,TRUE,TRUE,TRUE,,,,,Postales,Completo. Postales en caja de Fantasía y Last Battle,"57,00 €",WaterMelon web,01/dic/2014,"100,00 €","100,00 €",09/04/2025,Probado,
Quackshot / Castle of Illusion,Mega Drive,1996,SEGA,Disney Interactive,Europa,,,,Completo,TRUE,TRUE,TRUE,,,,,,Daños en caja y en carátula. Manual con uso y dobleces,"0,00 €",Original (primo Jesús),ene/1997,"45,00 €","45,00 €",09/04/2025,Jugado,
Road Rash II,Mega Drive,1992,Electronic Arts,Electronic Arts,Europa,,,,Incompleto,TRUE,FALSE,TRUE,,,N/A,,,Con pegatina de precio de El Corte Inglés detrás,"10,00 €",Feria Retro (Torrejón),01/abr/2017,"25,00 €","25,00 €",09/04/2025,Jugado,
Snow Bros. Nick & Tom,Mega Drive,1993,Tengen,Toaplan,Japón,,,,,FALSE,FALSE,FALSE,,N/A,N/A,N/A,,Reproducción (No salió de Japón),"15,00 €",Ebay,,,,09/04/2025,Jugado,
Sonic The Hedgehog,Mega Drive,1991,SEGA,SEGA R&D9 (Sonic Team),Europa,,,,Completo,TRUE,TRUE,TRUE,,,,,,Dos copias,"0,00 €",Original (primo Kike),ene/1992,"20,00 €","20,00 €",09/04/2025,Completado,
Sonic The Hedgehog,Mega Drive,1991,SEGA,SEGA R&D9 (Sonic Team),Japón,,,,Completo,TRUE,TRUE,TRUE,,,,,,3800 yenes,"24,00 €",Surugaya (Shinjuku),nov/2024,"50,00 €","50,00 €",09/04/2025,Sin Jugar,
Sonic The Hedgehog 2,Mega Drive,1992,SEGA,SEGA R&D9 (Sonic Team),Japón,,,,,FALSE,FALSE,FALSE,,N/A,N/A,N/A,,Reproducción. Precio completo 30€,"0,00 €",Regalo,jun/1993,,,09/04/2025,Jugado,
Sonic The Hedgehog 3,Mega Drive,1994,SEGA,SEGA R&D9 (Sonic Team),Europa,,,,Completo,TRUE,TRUE,TRUE,,,,,,Manual en inglés. Muy buen estado. Con pegatina de sellado en buen estado,"21,90 €",Ebay,22/feb/2015,"90,00 €","90,00 €",09/04/2025,Probado,
Street Fighter II - Special Champion Edition,Mega Drive,1993,SEGA Europe,Capcom,Europa,,,,Incompleto,TRUE,FALSE,TRUE,,,N/A,,,Portada pegada con pegamento,"7,50 €",Ebay,21/feb/2015,"20,00 €","20,00 €",09/04/2025,Completado,
Super Street Fighter II,Mega Drive,1994,SEGA Europe,Capcom,Europa,,,,Incompleto,TRUE,FALSE,TRUE,,,N/A,,,Portada con bordes blancos,"11,80 €",Ebay,19/oct/2014,"40,00 €","40,00 €",09/04/2025,Jugado,
The Lost Vikings,Mega Drive,1992,Virgin Interactive Entert.,"Silicon & Synapse, Inc.",Europa,,,,Incompleto,TRUE,FALSE,TRUE,,,N/A,,,Pequeños bordes blancos y plástico de portada roto en lateral,"23,00 €",Ebay,21/feb/2015,"75,00 €","75,00 €",09/04/2025,Jugado,
Tiny Toons Adventures: Buster's Hidden Treasure,Mega Drive,1993,Konami,Konami,Europa,,,,Completo,TRUE,TRUE,TRUE,,,,,,Etiqueta de precio rota en el lomo de la caja,"35,00 €",Japan Weekend Madrid,17/feb/2024,"35,00 €","35,00 €",09/04/2025,Probado,
Traysia,Mega Drive,2025,"Shinyuden (2025), Riot (1992)",Shinyuden,España,Reedición española Shinyuden,,,Completo,TRUE,TRUE,TRUE,,,,,"Tarjetas de arte, amuleto",Reedición del juego en español. Con tarjetas de arte y amuleto,"69,90 €",Shinyuden web,30/may/2025,"70,00 €","70,00 €",01/07/2025,Sin Jugar,
Urban Strike,Mega Drive,1994,Electronic Arts,Granite Bay Software,Europa,,,,Completo,TRUE,TRUE,TRUE,,,,,,Leves daños en caja,"0,00 €",Original (regalo Reyes),ene/1995,"30,00 €","30,00 €",09/04/2025,Jugado,
Virtua Racing,Mega Drive,1994,SEGA,SEGA-AM2,Europa,,,,Incompleto,TRUE,FALSE,TRUE,,,N/A,,,Carátula en muy mal estado. Contiene publi de 32x,"11,90 €",Ebay,21/feb/2015,"15,00 €","15,00 €",09/04/2025,Jugado,
Vixen 357,Mega Drive,2025,"Shinyuden (2025), Masaya (1992)",Shinyuden,España,Reedición española Shinyuden,,,Completo,TRUE,TRUE,TRUE,,,,,"Tarjetas de arte, parche de tela",Reedición del juego en español. Con tarjetas de arte y parche de tela,"69,90 €",Shinyuden web,26/jul/2025,,,,Sin Jugar,
Wonder Boy III: Monster Lair,Mega Drive,1991,SEGA,Westone,Europa,,,,Incompleto,TRUE,FALSE,TRUE,,,N/A,,,Plástico de carátula dañado. Pegatina de cartucho con desgaste. Pegatina videoclub,"0,00 €",Original (primo Jesús),ene/1996,"35,00 €","35,00 €",09/04/2025,Jugado,
Zero Wing CC,Mega Drive,2025,"Shinyuden (2025), Toaplan (1991)",Shinyuden,España,Reedición española Shinyuden,,,Completo,TRUE,TRUE,TRUE,,,,,"Tarjetas de arte, pin de logo del juego",Reedición del juego en español. Con tarjetas de arte y pin con el logo del juego,"69,50 €",Retro Game Valencia,28/nov/2025,,,,Sin Jugar,
Bishoujo Senshi Sailor Moon R,Game Boy,1994,Angel Studios,Angel Studios,Japón,,,,Completo,TRUE,TRUE,TRUE,,,,,,Buen estado,"32,00 €",Book Off (Kanamecho),nov/2024,"60,00 €","60,00 €",09/04/2025,Probado,
Captain Tsubasa VS,Game Boy,1992,Tecmo,Tecmo,Japón,,,,Completo,TRUE,TRUE,TRUE,,,,,,,"5,00 €",Japón,oct/2018,"90,00 €","90,00 €",09/04/2025,Jugado,
Contra: The Alien Wars,Game Boy,1994,Konami,Factor 5,EEUU,,,,Suelto,FALSE,FALSE,TRUE,,N/A,N/A,,,Pegatina del cartucho desgastada,"0,00 €",Original (amigo JM),ene/1996,"50,00 €","50,00 €",09/04/2025,Completado,
Crayon Shin-Chan: Ora to Shiro wa Otomodachi da yo,Game Boy,1993,Bandai,Bandai,Japón,,,,Suelto,FALSE,FALSE,TRUE,,N/A,N/A,,,,"1,00 €",Japón,oct/2018,"10,00 €","10,00 €",09/04/2025,Probado,
Donkey Kong,Game Boy,1994,Nintendo,Nintendo EAD,Japón,,DMG-QDA,,Completo,TRUE,TRUE,TRUE,7,7,9,5,Publi Super Game Boy,"Comprado por 4780Y, cartucho marrón pero pegatina perfecta","26,64 €",Ojamakan (Nishinomiya),19/oct/2025,"60,00 €","60,00 €",04/11/2025,Sin Jugar,
Donkey Kong Land,Game Boy,1995,Nintendo,Rareware,Europa,Nintendo Classics?,DMG-YT-EUR,,Suelto,FALSE,FALSE,TRUE,,N/A,N/A,4,,Caja repro,"0,00 €",Original (regalo),mar/1998,"12,00 €","12,00 €",09/04/2025,Completado,
Game de Hakken!! Tamagotchi,Game Boy,1997,Bandai,Tom Create,Japón,,,,Suelto,FALSE,FALSE,TRUE,,N/A,N/A,,,,"1,00 €",Japón,oct/2018,"8,00 €","8,00 €",09/04/2025,Sin Jugar,
Hoshi no Kirby,Game Boy,1992,Nintendo,HAL Laboratory,Japón,,,,Suelto,FALSE,FALSE,TRUE,,N/A,N/A,,,,"2,00 €",Japón,oct/2018,"10,00 €","10,00 €",09/04/2025,Jugado,
Kung-Fu Master,Game Boy,1990,Nintendo,Irem,Europa,,,,Suelto,FALSE,FALSE,TRUE,,N/A,N/A,,,,"0,00 €",Original (amigo JM),ene/1996,"15,00 €","15,00 €",09/04/2025,Completado,
Pokémon Amarillo,Game Boy,1998,Nintendo,Game Freak,España,,DMG-APSS-ESP,,Suelto,FALSE,FALSE,TRUE,,N/A,N/A,8,,Caja repro,"0,00 €",Original (regalo),jun/2000,"35,00 €","35,00 €",09/04/2025,Completado,
Pocket Monsters Aka,Game Boy,1996,Nintendo,Game Freak,Japón,,DMG-P-APAJ(JPN),,Completo,TRUE,TRUE,TRUE,6,6,6,6,Mapa,Comprado por 14363Y. Cartucho completamente marrón pero pegatina perfecta,"81,39 €",Surugaya (Osaka),26/oct/2025,"140,00 €","140,00 €",04/11/2025,Sin Jugar,
Pocket Monsters Midori,Game Boy,1996,Nintendo,Game Freak,Japón,,,,Incompleto,FALSE,TRUE,TRUE,,N/A,,,,Cartucho y manual. Caja repro. Faltan mapas,"20,00 €",Japón,oct/2018,"65,00 €","65,00 €",09/04/2025,Probado,
Pocket Monsters Pikachu Version,Game Boy,1998,Nintendo,Game Freak,Japón,,,,Completo,TRUE,TRUE,TRUE,,,,,,Caja ligeramente aplastada. Comprado por 8545Y,"50,00 €",Surugaya (Akihabara),nov/2024,"75,00 €","75,00 €",09/04/2025,Sin Jugar,
SD Gundam SD Sengokuden 2 Tenka Touitsu Hen,Game Boy,1992,Bandai,"Sotsu Agency, Sunrise",Japón,,,,Suelto,FALSE,FALSE,TRUE,,N/A,N/A,,,,"1,00 €",Japón,oct/2018,"5,00 €","5,00 €",09/04/2025,Probado,
Super Mario Land,Game Boy,1989,Nintendo,Nintendo R&D1,Japón,,,,Incompleto,TRUE,FALSE,TRUE,,,N/A,,,Con pegatina de seguridad en la parte de atras (2500Y),"15,00 €",Surugaya (Shinjuku),nov/2024,"30,00 €","30,00 €",09/04/2025,Sin Jugar,
Super Mario Land 2 - 6-tsu no Kinka,Game Boy,1992,Nintendo,Nintendo R&D1,Japón,,,,Completo,TRUE,TRUE,TRUE,,,,,,,"10,00 €",Japón,oct/2018,"50,00 €","50,00 €",09/04/2025,Probado,
Tetris,Game Boy,1989,Nintendo,Nintendo R&D1,Japón,,,,Suelto,FALSE,FALSE,TRUE,,N/A,N/A,,,,"1,00 €",Japón,oct/2018,"10,00 €","10,00 €",09/04/2025,Probado,
The Legend of Zelda: Link's Awakening,Game Boy,1993,Nintendo,Nintendo R&D1,Europa,Golden Hits Collection - Nintendo Classics,DMG-ZL-EUR,,Incompleto,FALSE,TRUE,TRUE,6,N/A,5,7,,"Cartucho EU, versión Nintendo Classics. Manual con celo en última hoja pero muy buen estado general. Caja repro","0,00 €",Original (regalo reyes JM),ene/1998,"50,00 €","50,00 €",09/04/2025,Completado,
Bishoujo Senshi Sailor Moon S,Game Gear,1995,Bandai,S-Plan,Japón,,T-133017,,Completo,TRUE,TRUE,TRUE,7,6,7,9,,Caja exterior con daños. Instrucciones con celo. Comprado por 6000Y aprox,"35,00 €",Surugaya (Shizuoka),26/oct/2025,"75,00 €","75,00 €",04/11/2025,Sin Jugar,
Sonic the Hedgehog,Game Gear,1991,SEGA,Ancient,Japón,,G-3307,,Completo,TRUE,TRUE,TRUE,5,4,6,8,,Caja exterior con daños. Comprado por 7480Y,"42,25 €",Trader (Akihabara),30/oct/2025,"60,00 €","60,00 €",04/11/2025,Sin Jugar,
Sonic the Hedgehog 2,Game Gear,1992,SEGA,Aspect,Japón,,G-3321,,Completo,TRUE,TRUE,TRUE,7,6,6,9,,Comprado por 4284Y. Caja exterior con daños,"24,28 €",Ojamakan (Kobe),19/oct/2025,"50,00 €","50,00 €",04/11/2025,Sin Jugar,
Akumajou Dracula,Super Famicom,1991,Konami,Konami,Japón,,,,Suelto,FALSE,FALSE,TRUE,,N/A,N/A,,,(Super Castlevania IV),"25,00 €",Super Potato (Akihabara),oct/2023,"55,00 €","55,00 €",09/04/2025,Probado,
Bishoujo Senshi Sailor Moon,Super Famicom,1993,Angel,Angel,Japón,,,,Completo,TRUE,TRUE,FALSE,,,,,,Comprado por 4356Y,"27,00 €",Japón,oct/2023,"65,00 €","65,00 €",09/04/2025,Sin Jugar,
Bishoujo Senshi Sailor Moon: Another Story,Super Famicom,1995,Angel,Angel,Japón,,SHVC-P-AASJ(JPN),,Completo,TRUE,TRUE,TRUE,6,6,6,7,Registro,Caja aplastada y sucia. Comprado por 7209Y,"40,59 €",Book Off (Kobe),19/oct/2025,"130,00 €","130,00 €",04/11/2025,Sin Jugar,
Bishoujo Senshi Sailor Moon R,Super Famicom,1993,Bandai,Angel,Japón,,,,Completo,TRUE,TRUE,TRUE,,,,,,Casi nuevo,"30,00 €",Book Off (Kanamecho),nov/2024,"75,00 €","75,00 €",09/04/2025,Probado,
Bishoujo Senshi Sailor Moon S: Jougai Rantou!? Shuyaku Soudatsusen,Super Famicom,1994,Angel (Bandai),Arc System Works,Japón,,,,Completo,TRUE,TRUE,TRUE,,,,,,Cartucho con suciedad. Con tarjeta coleccionable. Comprado por 6391Y,"39,00 €",Surugaya Outlet (Osaka),oct/2024,"85,00 €","85,00 €",09/04/2025,Probado,
Bishoujo Senshi Sailor Moon S: Kondo wa Puzzle de Oshioki yo!!,Super Famicom,1994,Bandai,Zoo Corporation,Japón,,,,Completo,TRUE,TRUE,TRUE,,,,,,Comprado por 2300Y,"14,00 €",Book Off (Kanamecho),nov/2024,"40,00 €","40,00 €",09/04/2025,Probado,
Bishoujo Senshi Sailor Moon S: Kurukkurin,Super Famicom,1995,Bandai,Zoo Corporation,Japón,,,,Completo,TRUE,TRUE,TRUE,,,,,,Comprado por 3200Y. Casi nuevo,"20,00 €",Book Off (Kanamecho),nov/2024,"45,00 €","45,00 €",09/04/2025,Probado,
Bishoujo Senshi Sailor Moon Sailor Stars: Fuwa Fuwa Panic 2,Super Famicom,1996,Bandai,Bandai,Japón,Pack con Sufami Turbo,SFT-0112S-JPN,,Completo,TRUE,TRUE,TRUE,7,6,9,9,Sufami Turbo con Instrucciones,Pack con Sufami Turbo. Comprado por 10700Y. Caja aplastada y con sunfade ,"60,44 €",Trader (Akihabara),30/oct/2025,"200,00 €","200,00 €",06/11/2025,Sin Jugar,
Bishoujo Senshi Sailor Moon SuperS: Fuwa Fuwa Panic,Super Famicom,1995,Bandai,Bandai,Japón,,SHVC-P-A9PJ(JPN),,Completo,TRUE,TRUE,TRUE,7,7,7,9,,Comprado por 5545Y. Caja ligeramente aplastada,"31,24 €",Surugaya (Osaka),19/oct/2025,"70,00 €","70,00 €",04/11/2025,Sin Jugar,
Bishoujo Senshi Sailor Moon SuperS: Zenin Sanka!! Shuyaku Soudatsusen,Super Famicom,1996,Angel (Bandai),"Make Software, Monolith Corp",Japón,,,,Completo,TRUE,TRUE,TRUE,,,,,,Caja aplastada. Comprado por 12800Y,"87,00 €",Super Potato (Ikebukuro),nov/2024,"220,00 €","220,00 €",09/04/2025,Probado,
Captain Tsubasa IV - Pro no Rival Tachi,Super Famicom,1993,Tecmo,Tecmo,Japón,,,,Completo,TRUE,TRUE,TRUE,,,,,,Cartucho amarillento por detrás. Comprado a 2500Y,"16,00 €",Surugaya (Yokohama),oct/2023,"40,00 €","40,00 €",09/04/2025,Sin Jugar,
Captain Tsubasa V - Hasha no Shougou Campione,Super Famicom,1994,Tecmo,Tecmo,Japón,,SHVC-P-AC5J(JPN),,Incompleto,TRUE,FALSE,TRUE,6,7,N/A,7,Registro,Comprado por 2500Y.  Caja aplastada,"14,13 €",Mandarake (Osaka),23/oct/2025,"50,00 €","50,00 €",04/11/2025,Sin Jugar,
Disney's Aladdin,Super Famicom,1993,Capcom,Capcom,Japón,,,,Incompleto,TRUE,FALSE,TRUE,,,N/A,,,"Caja con bordes blancos, comprado por 3600Y.","22,00 €",Book Off (Ikebukuro),nov/2024,"30,00 €","30,00 €",09/04/2025,Probado,
F1 Grand Prix,Super Famicom,1991,Video System,Video System,Japón,,,,Completo,TRUE,TRUE,TRUE,,,,,,Comprado por 800Y,"5,00 €",Ojamakan (Fushimi Inari),oct/2023,"25,00 €","25,00 €",09/04/2025,Probado,
Final Fantasy IV,Super Famicom,1991,Squaresoft,Squaresoft,Japón,,,,Completo,TRUE,TRUE,TRUE,,,,,,,"40,00 €",Japan Weekend Madrid,17/feb/2024,"30,00 €","30,00 €",09/04/2025,Sin Jugar,
Final Fantasy V,Super Famicom,1992,Squaresoft,Squaresoft,Japón,,,,Completo,TRUE,TRUE,TRUE,,,,,,,"30,00 €",Japan Weekend Madrid,feb/2022,"35,00 €","35,00 €",09/04/2025,Sin Jugar,
Final Fantasy VI,Super Famicom,1994,Squaresoft,Squaresoft,Japón,,,,Completo,TRUE,TRUE,TRUE,,,,,,,"40,00 €",Japan Weekend Madrid,feb/2022,"35,00 €","35,00 €",09/04/2025,Sin Jugar,
Final Fight 2,Super Famicom,1993,Capcom,Capcom,Japón,,,,Completo,TRUE,TRUE,TRUE,,,,,,Caja pintada y sunfade. Comprado por 3900Y,"25,00 €",Book Off (Hiroshima),oct/2023,"30,00 €","30,00 €",09/04/2025,Sin Jugar,
Fire Emblem: Monshō no Nazo,Super Famicom,1994,Nintendo,Intelligent Systems,Japón,,,,Completo,TRUE,TRUE,TRUE,,,,,,Incluye tarjeta de controles. Comprado a 2300Y,"15,00 €",Surugaya (Yokohama),oct/2023,"30,00 €","30,00 €",09/04/2025,Sin Jugar,
Fire Emblem: Seisen no Keifu,Super Famicom,1996,Nintendo,Intelligent Systems,Japón,,SHVC-P-A32J(JPN),,Completo,TRUE,TRUE,TRUE,8,8,8,9,"Mapa, registro, controles",Comprado por 3454Y,"19,51 €",Surugaya (Osaka),23/oct/2025,"45,00 €","45,00 €",04/11/2025,Sin Jugar,
Hoshi no Kirby Super Deluxe,Super Famicom,1996,Nintendo,HAL Laboratory,Japón,,,,Completo,TRUE,TRUE,TRUE,,,,,,Comprado por 2700Y,"17,00 €",Ojamakan (Sakai),nov/2024,"45,00 €","45,00 €",09/04/2025,Probado,
Mickey Mania: The Timless Adventures of Mickey Mouse,Super Famicom,1994,Sony Imagesoft,Traveller's Tales,Japón,,SHVC-P-AMIJ(JPN),,Completo,TRUE,TRUE,TRUE,8,8,8,9,Registro,Comprado por 6000Y,"33,79 €",Surugaya (Osaka),18/oct/2025,"50,00 €","50,00 €",04/11/2025,Sin Jugar,
Mickey no Magical Adventure,Super Famicom,1992,Capcom,Capcom,Japón,,,,Completo,TRUE,TRUE,TRUE,,,,,,Manual desgarrado por detrás. Caja mal. (Disney's Magical Quest). Comprado a 2000Y,"13,00 €",Book Off (Hiroshima),oct/2023,"20,00 €","20,00 €",09/04/2025,Sin Jugar,
Pilotwings,Super Famicom,1990,Nintendo,Nintendo EAD,Japón,,,,Suelto,FALSE,FALSE,TRUE,,N/A,N/A,,,Cartucho con mucho sunfade y sucio. Venía en caja de Star Fox,"0,00 €",Trader (Akihabara),nov/2024,"5,00 €","5,00 €",09/04/2025,Probado,
Star Fox,Super Famicom,1993,Nintendo,"Argonaut Software, Nintendo EAD",Japón,,,,Completo,TRUE,TRUE,TRUE,,,,,,Con etiqueta de precio original en portada. Comprado por 2300Y. Cartucho aparte por 646Y,"16,69 €",Trader (Akihabara),nov/2024,"20,00 €","20,00 €",09/04/2025,Probado,
Street Fighter II - The World Warrior,Super Famicom,1992,Capcom,Capcom,Japón,,,,Completo,TRUE,TRUE,TRUE,,,,,,Casi nuevo. Comprado por 1600Y,"10,00 €",Surugaya (Yokohama),oct/2023,"30,00 €","30,00 €",09/04/2025,Sin Jugar,
Super Donkey Kong,Super Famicom,1994,Nintendo,Rare,Japón,,,,Completo,TRUE,TRUE,TRUE,,,,,,Incluye tarjeta de controles. Comprado por 2280Y,"14,00 €",Surugaya (Yokohama),oct/2023,"25,00 €","25,00 €",09/04/2025,Probado,
Super Donkey Kong 2: Dixie & Diddy,Super Famicom,1995,Nintendo,Rare,Japón,,SHVC-P-ADNJ(JPN),,Completo,TRUE,TRUE,TRUE,8,8,8,9,"Registro, controles",Comprado por 1380Y. Etiqueta de precio en parte superior de caja. Portada con promo de descuento de SFC,"7,69 €",Ojamakan (Nishinomiya),19/oct/2025,"25,00 €","25,00 €",04/11/2025,Sin Jugar,
Super Donkey Kong 3: Nazo no Kremis Tou,Super Famicom,1996,Nintendo,Rare,Japón,,SHVC-P-A3CJ(JPN),,Completo,TRUE,TRUE,TRUE,8,7,9,9,"Registro, controles ",Comprado por 1636Y. Golpe en parte superior caja,"9,24 €",Surugaya (Osaka),23/oct/2025,"25,00 €","25,00 €",04/11/2025,Sin Jugar,
Super Game Boy,Super Famicom,1994,Nintendo,"Nintendo, Hori",Japón,,,,Completo,TRUE,TRUE,TRUE,,,,,,"Caja con mucho daño. No funciona el audio de los juegos, si del SGB. Comprado por 800Y","5,00 €",Hard Off (Kyoto),oct/2024,"5,00 €","5,00 €",09/04/2025,Probado,
Super Mario Collection,Super Famicom,1993,Nintendo,Nintendo EAD,Japón,,,,Completo,TRUE,TRUE,TRUE,,,,,,(Super Mario All-Stars). Comprado por 3960Y,"25,00 €",Surugaya (Yokohama),oct/2023,"35,00 €","35,00 €",09/04/2025,Sin Jugar,
Super Mario Kart,Super Famicom,1992,Nintendo,Nintendo EAD,Japón,,SHVC-MK,,Completo,TRUE,TRUE,TRUE,8,8,9,9,,Comprado por 1656Y,"9,38 €",Surugaya (Shinjuku),29/oct/2025,"25,00 €","25,00 €",04/11/2025,Sin Jugar,
Super Mario World,Super Famicom,1990,Nintendo,Nintendo EAD,Japón,,SHVC-MW,,Completo,TRUE,TRUE,TRUE,7,7,7,9,,Comprado por 1840Y,"10,43 €",Surugaya (Shinjuku),29/oct/2025,"30,00 €","30,00 €",04/11/2025,Sin Jugar,
Super Mario: Yoshi Island,Super Famicom,1994,Nintendo,Nintendo EAD,Japón,,,,Suelto,FALSE,FALSE,TRUE,,N/A,N/A,,,,"3,00 €",Trader (Akihabara),oct/2023,"10,00 €","10,00 €",09/04/2025,Probado,
Bishoujo Senshi Sailor Moon S,3DO,1995,Bandai,TOSE,Japón,,FZ-SJ1453,,Casi completo,TRUE,TRUE,TRUE,7,7,7,7,,Comprado por 5364Y,"30,39 €",Surugaya (Shizuoka),26/oct/2025,"50,00 €","50,00 €",04/11/2025,Sin Jugar,
After Burner III,Mega CD,1992,SEGA,CRI,Japón,,T-68014,,Casi completo,TRUE,TRUE,TRUE,7,7,7,7,,Comprado por 3496Y,"19,82 €",Surugaya (Shinjuku),29/oct/2025,"40,00 €","40,00 €",04/11/2025,Probado,
Captain Tsubasa,Mega CD,1994,Tecmo,Tecmo,Japón,,T-36014,,Casi completo,TRUE,TRUE,TRUE,7,5,7,9,,Comprado por 8636Y,"48,94 €",Surugaya (Osaka),22/oct/2025,"200,00 €","200,00 €",04/11/2025,Probado,
Jurassic Park,Mega CD,1994,SEGA,SEGA Multimedia Studio,Japón,,G-6038,,Completo,TRUE,TRUE,TRUE,9,8,9,9,Registro,Comprado por 3000Y,"16,94 €",Mandarake (Osaka),23/oct/2025,"45,00 €","45,00 €",04/11/2025,Probado,
Star Wars Rebelt Assault,Mega CD,1994,Victor Entertainment,LucasArts,Japón,,T-60174,,Completo,TRUE,TRUE,TRUE,7,6,6,8,Publicidad ,Comprado por 3364Y,"19,06 €",Surugaya (Shizuoka),26/oct/2025,"60,00 €","60,00 €",04/11/2025,Probado,
AZEL Panzer Dragoon RPG,Saturn,1998,SEGA,Sega CS1 (Team Andromeda),Japón,,,,Casi completo,TRUE,TRUE,TRUE,,,,,,Rotura en la parte trasera de la caja. 2980Y,"25,00 €",Super Potato (Ikebukuro),nov/2024,"35,00 €","35,00 €",09/04/2025,Probado,
Bishoujo Senshi Sailor Moon SuperS: Shin Shuyaku Soudatsusen,Saturn,1996,Angel,Angel,Japón,,,,Completo,TRUE,TRUE,TRUE,,,,,,Comprado por 10000Y,"56,55 €",Mandarake (Osaka),23/oct/2025,"100,00 €","100,00 €",04/11/2025,Sin Jugar,
Christmas Nights Only this Winter,Saturn,1996,SEGA,SEGA CS3 (Sonic Team),Japón,,,,Casi completo,TRUE,TRUE,TRUE,,,,,,"Solapas de la parte del manual en la caja rotas, manual roto en la parte de la solapa","6,00 €",Surugaya (Shinjuku),nov/2024,"15,00 €","15,00 €",09/04/2025,Probado,
Clockwork Knight: Pepperouchau no Daibouken Gekan,Saturn,1995,SEGA,Team Aquila,Japón,,,,Casi completo,TRUE,TRUE,TRUE,,,,,,Rotura en la parte delantera de la caja,"15,00 €",Surugaya (Shinjuku),nov/2024,"20,00 €","20,00 €",09/04/2025,Probado,
Clockwork Knight: Pepperouchau no Daibouken Joukan,Saturn,1994,SEGA,Team Aquila,Japón,,,,Casi completo,TRUE,TRUE,TRUE,,,,,,,"18,00 €",Surugaya (Shinjuku),nov/2024,"25,00 €","25,00 €",09/04/2025,Completado,
Daytona USA,Saturn,1995,SEGA,SEGA AM2,Japón,,,,Casi completo,TRUE,TRUE,TRUE,,,,,,,"5,00 €",Surugaya (Shinjuku),nov/2024,"15,00 €","15,00 €",09/04/2025,Probado,
Daytona USA Circuit Edition,Saturn,1997,SEGA,SEGA CS2,Japón,,,,Casi completo,TRUE,TRUE,TRUE,,,,,,Caja topa al cerrar,"15,00 €",Surugaya (Osaka),nov/2024,"30,00 €","30,00 €",09/04/2025,Probado,
Dead or Alive,Saturn,1997,Tecmo,Team Ninja,Japón,,,,Casi completo,TRUE,TRUE,TRUE,,,,,,,"8,00 €",Surugaya (Shinjuku),nov/2024,"25,00 €","25,00 €",09/04/2025,Probado,
Detana Twinbee Yahoo! Deluxe Pack,Saturn,1995,Konami,Konami,Japón,,,,Casi completo,TRUE,TRUE,TRUE,,,,,,,"25,00 €",Super Potato (Ikebukuro),nov/2024,"35,00 €","35,00 €",09/04/2025,Probado,
Dragon Force,Saturn,1996,SEGA,"SEGA CS, J-Force",Japón,,,,Completo,TRUE,TRUE,TRUE,,,,,,,"15,00 €",Super Potato (Ikebukuro),nov/2024,"50,00 €","50,00 €",09/04/2025,Probado,
Dungeon & Dragons Collection,Saturn,1999,Capcom,Capcom,Japón,,T-1224G,,Completo,TRUE,TRUE,TRUE,8,8,9,9,"Registro, ticket de compra",Versión sin cartucho RAM. Comprado por 13500Y,"76,49 €",Surugaya (Akihabara),30/oct/2025,"170,00 €","170,00 €",04/11/2025,Sin Jugar,
Fighting Vipers,Saturn,1996,SEGA,SEGA AM2,Japón,,,,Completo,TRUE,TRUE,TRUE,,,,,,,"4,00 €",Hard Off (Kyoto),nov/2024,"25,00 €","25,00 €",09/04/2025,Probado,
Gale Racer,Saturn,1994,SEGA,"System Sacom, SEGA CS1",Japón,,,,Completo,TRUE,TRUE,TRUE,,,,,,1880Y,"6,00 €",Super Potato (Ikebukuro),nov/2024,"35,00 €","35,00 €",09/04/2025,Probado,
Guardian Heroes,Saturn,1996,SEGA,"Treasure, Youmex",Japón,,,,Casi completo,TRUE,TRUE,TRUE,,,,,,,"40,00 €",Surugaya (Shinjuku),nov/2024,"60,00 €","60,00 €",09/04/2025,Probado,
Hang On GP '95,Saturn,1995,SEGA,Genki,Japón,,GS-9032,,Completo,TRUE,TRUE,TRUE,7,6,7,7,,Comprado por 780Y,"4,39 €",Ojamakan (Nishinomiya),19/oct/2025,"30,00 €","30,00 €",04/11/2025,Sin Jugar,
J.League Pro Soccer Club o Tsukurou!,Saturn,1996,SEGA,SEGA CS,Japón,,,,Casi completo,TRUE,TRUE,TRUE,,,,,,,"0,00 €",Mercari (Buyee),09/jun/2024,"5,00 €","5,00 €",09/04/2025,Probado,
Jikkyou Powerful Pro Yakyuu '95 Kaimaku-ban,Saturn,1997,Konami,Konami,Japón,,,,Completo,TRUE,TRUE,TRUE,,,,,,,"0,00 €",Mercari (Buyee),09/jun/2024,"10,00 €","10,00 €",09/04/2025,Probado,
Mahou Kishi Rayearth,Saturn,1995,SEGA,SEGA RPG Production,Japón,,,,Completo,TRUE,TRUE,TRUE,,,,,,Falta caja carton? 2980Y,"15,00 €",Super Potato (Ikebukuro),nov/2024,"40,00 €","40,00 €",09/04/2025,Probado,
Nights into Dreams,Saturn,1996,SEGA,SEGA CS3 (Sonic Team),Japón,,,,Casi completo,TRUE,TRUE,TRUE,,,,,,,"12,00 €",Surugaya (Shinjuku),nov/2024,"20,00 €","20,00 €",09/04/2025,Probado,
Panzer Dragoon,Saturn,1995,SEGA,Sega CS1 (Team Andromeda),Japón,,,,Casi completo,TRUE,TRUE,TRUE,,,,,,1980Y,"19,00 €",Surugaya (Shinjuku),nov/2024,"30,00 €","30,00 €",09/04/2025,Probado,
Panzer Dragoon Zwei,Saturn,1996,SEGA,Sega CS1 (Team Andromeda),Japón,,,,Casi completo,TRUE,TRUE,TRUE,,,,,,,"20,00 €",Super Potato (Ikebukuro),nov/2024,"30,00 €","30,00 €",09/04/2025,Probado,
Puyo Puyo 2,Saturn,1995,Compile,Compile,Japón,,,,Completo,TRUE,TRUE,TRUE,,,,,,,"0,00 €",Mercari (Buyee),09/jun/2024,"15,00 €","15,00 €",09/04/2025,Probado,
Puyo Puyo Sun,Saturn,1997,Compile,Compile,Japón,,,,Casi completo,TRUE,TRUE,TRUE,,,,,,,"0,00 €",Mercari (Buyee),09/jun/2024,"15,00 €","15,00 €",09/04/2025,Probado,
SEGA Rally Championship 1995,Saturn,1995,SEGA,SEGA AM3,Japón,,GS-9047,,Completo,TRUE,TRUE,TRUE,8,8,9,7,,Comprado por 610Y. Tengo otra copia con caja rota y sin spinecard comprada por 568Y,"3,45 €",Surugaya (Shinjuku),29/oct/2025,"20,00 €","20,00 €",04/11/2025,Sin Jugar,
SEGA Touring Car Championship,Saturn,1997,SEGA,SEGA AM Annex,Japón,,GS-9164,,Completo,TRUE,TRUE,TRUE,8,8,8,9,,Comprado por 1958Y,"11,00 €",Super Potato (Osaka),18/oct/2025,"35,00 €","35,00 €",04/11/2025,Sin Jugar,
Sonic Jam,Saturn,1997,SEGA,SEGA CS3 (Sonic Team),Japón,,,,Casi completo,TRUE,TRUE,TRUE,,,,,,,"26,00 €",Surugaya (Shinjuku),nov/2024,"50,00 €","50,00 €",09/04/2025,Probado,
Sonic R,Saturn,1997,SEGA,"Traveller's Tales, Sonic Team",Japón,,GS-9170,,Casi completo,TRUE,TRUE,TRUE,8,6,8,8,,Comprado por 3364Y. Caja con rotura atrás ,"19,05 €",Surugaya (Akihabara),30/oct/2025,"30,00 €","30,00 €",04/11/2025,Sin Jugar,
Sonic Wings Special,Saturn,1996,MediaQuest,Video System,Japón,,T-26402G,,Casi completo,TRUE,TRUE,TRUE,7,7,8,6,"Con minidisc, registro",Comprado por 6624Y,"37,55 €",Surugaya (Shinjuku),29/oct/2025,"70,00 €","70,00 €",04/11/2025,Sin Jugar,
The King of Fighters '96,Saturn,1996,SNK,"TUG, Yumeboko",Japón,,,,Casi completo,TRUE,TRUE,TRUE,,,,,,Falta caja de cartón original. Tengo juego completo y cartucho de memoria,"0,00 €",Mercari (Buyee),09/jun/2024,"30,00 €","30,00 €",09/04/2025,Probado,
Tomb Raiders,Saturn,1997,Victor Soft,Core Design,Japón,,,,Casi completo,TRUE,TRUE,TRUE,,,,,,,"15,00 €",Surugaya (Shinjuku),nov/2024,"25,00 €","25,00 €",09/04/2025,Probado,
Virtua Fighter 2,Saturn,1995,SEGA,SEGA AM2,Japón,,,,Casi completo,TRUE,TRUE,TRUE,,,,,,380Y,"2,14 €",Super Potato (Ikebukuro),nov/2024,"10,00 €","10,00 €",04/11/2025,Probado,
Virtua Fighter Kids,Saturn,1996,SEGA,SEGA AM2,Japón,,,,Casi completo,TRUE,TRUE,TRUE,,,,,,,"8,00 €",Surugaya (Shinjuku),nov/2024,"10,00 €","10,00 €",09/04/2025,Probado,
Virtua Fighter Remix,Saturn,1995,SEGA,"SEGA AM1, SEGA AM2",Japón,,,,Casi completo,TRUE,TRUE,TRUE,,,,,,,"6,00 €",Surugaya (Shinjuku),nov/2024,"15,00 €","15,00 €",09/04/2025,Probado,
Warcraft II - The Dark Saga,Saturn,1997,Electronic Arts,Climax,Europa,,,,Completo,TRUE,TRUE,TRUE,,,,,,"Puede faltar un CD de demo vol2, investigar","50,00 €",Wallapop,04/oct/2024,"50,00 €","50,00 €",09/04/2025,Probado,
WingArms,Saturn,1995,SEGA,"Bell Corporation, Jitensha, SEGA CS",Japón,,,,Casi completo,TRUE,TRUE,TRUE,,,,,,,"8,00 €",Super Potato (Ikebukuro),nov/2024,"15,00 €","15,00 €",09/04/2025,Probado,
After Burner Complete,32X,1995,SEGA,Rutubo Games,Japón,,GM-4006,,Completo,TRUE,TRUE,TRUE,5,1,6,9,,Comprado por 4909Y. Humedad en parte superior. Pegatinas de seguridad de Surugaya muy pegada,"27,82 €",Surugaya (Osaka),22/oct/2025,"70,00 €","70,00 €",04/11/2025,Sin Jugar,
Doom,32X,1994,SEGA,SEGA of America,Japón,,GM-4003,,Completo,TRUE,TRUE,TRUE,5,5,7,9,,Comprado por 4363Y. Caja con desgaste y humedad en parte superior ,"24,72 €",Surugaya (Osaka),22/oct/2025,"80,00 €","80,00 €",04/11/2025,Sin Jugar,
Metal Head,32X,1995,SEGA,SEGA CS4,Japón,,GM-4009,,Completo,TRUE,TRUE,TRUE,7,8,8,7,,Comprado por 5200Y,"29,37 €",Trader (Akihabara),30/oct/2025,"80,00 €","80,00 €",04/11/2025,Sin Jugar,
Space Harrier,32X,1994,SEGA,Rutubo Games,Japón,,GM-4005,,Completo,TRUE,TRUE,TRUE,6,6,6,8,Publicidad ,Comprado por 6300Y. Restos de pegamento en código de barras ,"35,58 €",Trader (Akihabara),30/oct/2025,"90,00 €","90,00 €",04/11/2025,Sin Jugar,
Star Wars Arcade,32X,1994,SEGA,SEGA Interactive,Japón,,GM-4002,,Completo,TRUE,TRUE,TRUE,5,4,8,9,,Comprado por 5454Y. Caja con golpe y humedad en parte superior,"30,91 €",Surugaya (Osaka),22/oct/2025,"70,00 €","70,00 €",04/11/2025,Sin Jugar,
Tempo,32X,1995,SEGA,"SEGA CS3, Red Company",Japón,,GM-4008,,Completo,TRUE,TRUE,TRUE,8,7,8,9,"Publicidad, tarjeta registro ",Comprado por 18000Y. Mancha de humedad y golpecito en parte inferior ,"101,68 €",Surugaya (Osaka),23/oct/2025,"250,00 €","250,00 €",04/11/2025,Sin Jugar,
Virtua Racing Deluxe,32X,1994,SEGA,SEGA CS4,Japón,,GM-5001,,Completo,TRUE,TRUE,TRUE,3,1,5,9,,"Daños en caja, aplastada, solapa rota y con mucha humedad. Comprado por 4091Y","23,17 €",Surugaya (Shizuoka),26/oct/2025,"70,00 €","70,00 €",04/11/2025,Sin Jugar,
Bishōjo Senshi Sailor Moon SuperS: Shin Shuyaku Sōdatsusen,PlayStation,1996,Ancient,Ancient,Japón,,SLPS-00260,,Casi completo,TRUE,TRUE,TRUE,7,7,7,9,,Comprado por 3091Y,"17,45 €",Surugaya (Shizuoka),26/oct/2025,"35,00 €","35,00 €",04/11/2025,Sin Jugar,
Final Fantasy I & 2,PlayStation,2002,Squaresoft,Squaresoft,Japón,Premium Package Collection,,,Completo,TRUE,TRUE,TRUE,,,,,Figuras,Premium Package Collection. Caja amarilleada,"29,35 €",Surugaya (Yokohama),oct/2023,"100,00 €","100,00 €",10/04/2025,Sin Jugar,
Final Fantasy IX,PlayStation,2000,Squaresoft,Squaresoft,España,,,,Completo,TRUE,TRUE,TRUE,,,,,,Comprobar si hay manual??,"40,00 €",Wallapop,27/sep/2019,"80,00 €","80,00 €",10/04/2025,Completado,
Final Fantasy Origins,PlayStation,2002,Squaresoft,Squaresoft,España,,,,Completo,TRUE,TRUE,TRUE,,,,,,Final Fantasy I y Final Fantasy II. Pequeña rotura en caja abajo,"40,00 €",Wallapop,19/sep/2019,"100,00 €","100,00 €",10/04/2025,Jugado,
Final Fantasy VII,PlayStation,1997,Squaresoft,Squaresoft,España,Platinum,,,Completo,TRUE,TRUE,TRUE,,,,,,Caja rota arriba. Incluye demo de FF8,"30,25 €",Ebay,18/oct/2015,"50,00 €","50,00 €",10/04/2025,Completado,
Final Fantasy VIII,PlayStation,1999,Squaresoft,Squaresoft,España,,,,Completo,TRUE,TRUE,TRUE,,,,,,,"0,00 €",Original (primo Kike),nov/2019,"50,00 €","50,00 €",10/04/2025,Jugado,
Gran Turismo,PlayStation,1997,Sony Computer Entertainment,Polyphony Digital,España,Platinum,,,Completo,TRUE,TRUE,TRUE,,,,,,,"8,00 €",Tienda Retro (Alcalá de H.),nov/2019,"25,00 €","25,00 €",10/04/2025,Jugado,
Gran Turismo 2,PlayStation,2000,Sony Computer Entertainment,Polyphony Digital,España,,,,Completo,TRUE,TRUE,TRUE,,,,,,,"40,00 €",Japan Weekend Madrid,feb/2023,"50,00 €","50,00 €",10/04/2025,Completado,
Metal Gear Solid,PlayStation,1998,Konami,Konami,España,,,,Completo,TRUE,TRUE,TRUE,,,,,,,"35,50 €",Ebay,04/ene/2016,"80,00 €","80,00 €",10/04/2025,Completado,
Pro Evolution Soccer,PlayStation,2001,Konami,Konami,España,,,,Completo,TRUE,TRUE,TRUE,,,,,,Línea de rotura en caja,"6,49 €",Ebay,23/may/2016,"80,00 €","80,00 €",10/04/2025,Jugado,
Tenchu 2: Birth of the Stealth Assasins,PlayStation,2000,Activision,Acquire,España,,,,Completo,TRUE,TRUE,TRUE,,,,,,Caja rota,"1,50 €",Ebay,20/may/2016,"75,00 €","75,00 €",10/04/2025,Sin Jugar,
Tenchu: Stealth Assasins,PlayStation,1998,Activision,Acquire,España,,,,Incompleto,FALSE,TRUE,TRUE,,N/A,,,,Caja no original. Portada recortada,"19,00 €",Ebay,21/abr/2018,"70,00 €","70,00 €",10/04/2025,Probado,
The Legend of Dragoon,PlayStation,2001,Sony Computer Entertainment,SIE Japan Studio,España,,,,Suelto,FALSE,FALSE,TRUE,,N/A,N/A,,,"Carátula no original, caja original con pestañas de CD rotas","79,95 €",Ebay,22/nov/2016,"110,00 €","110,00 €",10/04/2025,Jugado,
Tomb Raider: The Last Revelation,PlayStation,1999,Eidos Interactive,Core Design,España,,,,Completo,TRUE,TRUE,TRUE,,,,,,Línea de rotura importante en caja. Manual doblado y desgastado. Pegatina de videoclub en cd,"1,00 €",Ebay,20/may/2016,"15,00 €","15,00 €",10/04/2025,Sin Jugar,
V-Tetris,Virtual Boy,1995,Bullet Proof Software,Bullet Proof Software,Japón,,,,Nuevo,TRUE,TRUE,TRUE,,,,,,Artículo nuevo. Comprado por 1500Y,"9,00 €",Surugaya (Shinjuku),nov/2024,"40,00 €","40,00 €",10/04/2025,Sin Jugar,
Baku Bomberman,Nintendo 64,1997,Hudson Soft,Hudson Soft,Japón,,,,Completo,TRUE,TRUE,TRUE,,,,,,,"24,00 €",Surugaya (Osaka),oct/2024,"35,00 €","35,00 €",10/04/2025,Probado,
Banjo to Kazooie no Daibouken,Nintendo 64,1998,Nintendo,Rare,Japón,,,,Incompleto,TRUE,FALSE,TRUE,,,N/A,,,Cartucho muy sucio. Comprado por 3364Y,"20,00 €",Trader (Akihabara),oct/2023,"25,00 €","25,00 €",10/04/2025,Probado,
Choro-Q 64,Nintendo 64,1998,Takara,Locomotive,Japón,,,,Completo,TRUE,TRUE,TRUE,,,,,,,"18,00 €",Surugaya (Osaka),oct/2024,"35,00 €","35,00 €",10/04/2025,Probado,
Choro-Q 64 2: Hachamecha Grand Prix Race,Nintendo 64,1999,Takara,Locomotive,Japón,,,,Completo,TRUE,TRUE,TRUE,,,,,,Sin tarjeta de registro. Esquinas de la caja dañadas,"20,00 €",Surugaya (Osaka),oct/2024,"40,00 €","40,00 €",10/04/2025,Probado,
Donkey Kong 64,Nintendo 64,1999,Nintendo,Rare,Japón,,,,Casi completo,TRUE,TRUE,TRUE,,,,,,"Cartucho sucio. Falta tarjeta de registro. Caja pequeña, no pack. 1480Y","28,00 €",Ojamakan (Sakai),oct/2024,"40,00 €","40,00 €",10/04/2025,Probado,
Excitebike 64,Nintendo 64,1998,Nintendo,Left Field Productions,Japón,,NUS-P-NMXJ(JPN),,Completo,TRUE,TRUE,TRUE,8,7,9,9,"Registro, controles",Comprado por 1818Y,"10,24 €",Surugaya (Osaka),18/oct/2025,"50,00 €","50,00 €",04/11/2025,Sin Jugar,
F-Zero X,Nintendo 64,1999,Nintendo,Nintendo EAD,Japón,,,,Completo,TRUE,TRUE,TRUE,,,,,,Caja con bordes blancos. Comprado por 4200Y,"26,00 €",Ojamakan (Sakai),oct/2024,"50,00 €","50,00 €",10/04/2025,Probado,
Hoshi no Kirby 64,Nintendo 64,2000,Nintendo,HAL Laboratory,Japón,,,,Completo,TRUE,TRUE,TRUE,,,,,,Caja dañada y con una mancha. Comprado por 2380Y,"15,00 €",Trader (Akihabara),oct/2023,"25,00 €","25,00 €",10/04/2025,Jugado,
Jikuu Senshi Turok,Nintendo 64,1997,Acclaim Entertainment,Iguana Entertainment,Japón,,NUS-P-NTUJ(JPN),,Completo,TRUE,TRUE,TRUE,7,7,8,8,"Registro, publi, controles",Comprado por 1727Y,"9,75 €",Surugaya (Osaka),23/oct/2025,"40,00 €","40,00 €",04/11/2025,Sin Jugar,
Mario Golf 64,Nintendo 64,1999,Nintendo,Camelot,Japón,,,,Completo,TRUE,TRUE,TRUE,,,,,,Comprado por 1455Y,"9,00 €",Trader (Akihabara),oct/2023,"25,00 €","25,00 €",10/04/2025,Sin Jugar,
Mario Kart 64,Nintendo 64,1996,Nintendo,Nintendo EAD,Japón,,,,Completo,TRUE,TRUE,TRUE,,,,,,Daño en la caja y manual con dobleces. Comprado por 1620Y,"10,00 €",Surugaya (Yokohama),oct/2023,"25,00 €","25,00 €",10/04/2025,Sin Jugar,
Mario Party,Nintendo 64,1998,Nintendo,Hudson Soft,Japón,,,,Completo,TRUE,TRUE,TRUE,,,,,,Comprado por 880Y,"6,00 €",Ojamakan (Sakai),oct/2024,"25,00 €","25,00 €",10/04/2025,Probado,
Mario Party 2,Nintendo 64,1999,Nintendo,Hudson Soft,Japón,,,,Completo,TRUE,TRUE,TRUE,,,,,,Hoja rota en manual.,"6,00 €",Ojamakan (Fushimi Inari),oct/2023,"20,00 €","20,00 €",10/04/2025,Sin Jugar,
Mario Tennis 64,Nintendo 64,2000,Nintendo,Camelot,Japón,,,,Completo,TRUE,TRUE,TRUE,,,,,,Comprado por 900Y,"5,00 €",Ojamakan (Fushimi Inari),oct/2023,"25,00 €","25,00 €",10/04/2025,Jugado,
Pilotwings 64,Nintendo 64,1996,Nintendo,"Paradigm, Nintendo EAD",Japón,,,,Completo,TRUE,TRUE,TRUE,,,,,,Cómo nuevo. Comprado por 1188Y,"7,00 €",Ojamakan (Fushimi Inari),oct/2023,"20,00 €","20,00 €",10/04/2025,Sin Jugar,
Pokémon Snap,Nintendo 64,1999,Nintendo,HAL Laboratory,Japón,, NUS-P-NPFJ(JPN),,Completo,TRUE,TRUE,TRUE,7,7,7,9,"Registro, controles","Manual con humedad, caja ligeramente rota por apertura",,Surugaya (Shizuoka),26/oct/2025,"40,00 €","40,00 €",04/11/2025,Sin Jugar,
Pokémon Stadium,Nintendo 64,1998,Nintendo,HAL Laboratory,Japón,Edición GB Pak,,,Completo,TRUE,TRUE,TRUE,,,,,GB Pak,Caja interior aplastada. GB Pak funciona. Comprado por 4280Y,"26,00 €",Trader 2 (Akihabara),nov/2024,"50,00 €","50,00 €",10/04/2025,Probado,
Pokémon Stadium 2,Nintendo 64,1999,Nintendo,HAL Laboratory,Japón,,,,Completo,TRUE,TRUE,TRUE,,,,,,Comprado por 2727Y,"17,00 €",Japón,oct/2023,"40,00 €","40,00 €",10/04/2025,Sin Jugar,
Pokémon Stadium Kin Gin,Nintendo 64,2000,Nintendo,HAL Laboratory,Japón,,NUS-P-NP3J(JPN),,Nuevo,TRUE,TRUE,TRUE,10,10,10,10,"Registro, controles",Completamente nuevo. Comprado por 3690Y,"20,90 €",Surugaya (Akihabara),30/oct/2025,"55,00 €","55,00 €",04/11/2025,Sin Jugar,
Star Fox 64,Nintendo 64,1997,Nintendo,Nintendo EAD,Japón,Edición Rumble Pak,,,Completo,TRUE,TRUE,TRUE,,,,,Rumble Pak,Caja con bordes blancos. Rumble Pak funciona. Comprado por 3980Y,"25,00 €",Ojamakan (Sakai),oct/2024,"60,00 €","60,00 €",10/04/2025,Probado,
Star Wars Episode I Racer,Nintendo 64,1999,LucasArts,LucasArts,Japón,,NUS-P-NEPJ(JPN),,Completo,TRUE,TRUE,TRUE,6,5,6,8,,Comprado por 3036Y,"17,21 €",Surugaya (Shinjuku),29/oct/2025,"25,00 €","25,00 €",04/11/2025,Sin Jugar,
Super Mario 64,Nintendo 64,1996,Nintendo,Nintendo EAD,Japón,,,,Completo,TRUE,TRUE,TRUE,,,,,,Comprado por 3480Y,"22,00 €",Ojamakan (Sakai),oct/2024,"50,00 €","50,00 €",05/11/2025,Probado,
Super Mario 64 Shindou Pak Taiou,Nintendo 64,1997,Nintendo,Nintendo EAD,Japón,Reedición con Rumble Pak,NUS-P-NSMJ(JPN),,Completo,TRUE,TRUE,TRUE,6,6,7,6,"Registro, controles",Versión con mejoras y compatible con Rumble Pak. Comprado por 2760Y. Aplastada y restos de pegatina. Pegatina de cartucho con nombre a boli,"15,65 €",Surugaya (Shinjuku),29/oct/2025,"30,00 €","30,00 €",05/11/2025,Sin Jugar,
Super Smash Bros.,Nintendo 64,1999,Nintendo,HAL Laboratory,Japón,,,,Completo,TRUE,TRUE,TRUE,,,,,,Muy buen estado. Comprado por 2380Y,"16,00 €",Ojamakan (Sakai),oct/2024,"35,00 €","35,00 €",10/04/2025,Probado,
Wave Race 64,Nintendo 64,1996,Nintendo,Nintendo EAD,Japón,,,,Suelto,FALSE,FALSE,TRUE,,N/A,N/A,,,Comprado por 495Y,"3,00 €",Book Off (Ikebukuro),oct/2023,"5,00 €","5,00 €",10/04/2025,Probado,
Yoshi Story,Nintendo 64,1997,Nintendo,Nintendo EAD,Japón,,,,Suelto,FALSE,FALSE,TRUE,,N/A,N/A,,,,"2,00 €",Trader (Akihabara),oct/2023,"10,00 €","10,00 €",10/04/2025,Probado,
Zelda no Densetsu - Mujura no Kamen (Ed. Expansion Pak),Nintendo 64,2000,Nintendo,Nintendo EAD,Japón,Edición Expansion Pak,,,Completo,TRUE,TRUE,TRUE,,,,,Expansion Pak,"Roces blancos en caja. Con Expansion Pak, funciona. Comprado por 21600Y","134,00 €",Surugaya Outlet (Osaka),oct/2024,"140,00 €","140,00 €",10/04/2025,Probado,
Zelda no Densetsu - Toki no Okarina,Nintendo 64,1998,Nintendo,Nintendo EAD,Japón,,NUS-P-CZLJ(JPN),,Completo,TRUE,TRUE,TRUE,6,6,8,8,Libro de canciones y pegatinas de notas de ocarina,Comprado por 6100Y. Golpe en lateral de la caja,"34,45 €",Trader (Akihabara),30/oct/2025,"40,00 €","40,00 €",04/11/2025,Sin Jugar,
Dragon Quest Monsters,Game Boy Color,2000,Enix,TOSE,Japón,,,,Suelto,FALSE,FALSE,TRUE,,N/A,N/A,,,,"1,00 €",Japón,oct/2018,"5,00 €","5,00 €",20/05/2025,Sin Jugar,
Pocket Monsters Crystal Version,Game Boy Color,2000,Nintendo,Game Freak,Japón,,,,Completo,TRUE,TRUE,TRUE,,,,,,Comprado por 12100Y,"70,00 €",Book Off (Kanamecho),nov/2024,"120,00 €","120,00 €",20/05/2025,Sin Jugar,
Pokémon Card GB,Game Boy Color,1998,Nintendo,Hudson Soft,Japón,,DMG-P-ACXJ(JPN),,Casi completo,TRUE,TRUE,TRUE,8,7,9,9,"Publi, registro",Falta carta promocional de Dragonite. Comprado por 2727Y,"15,45 €",Surugaya (Osaka),22/oct/2025,"35,00 €","35,00 €",04/11/2025,Sin Jugar,
Pokémon de Panepon,Game Boy Color,2000,Nintendo,Intelligent Systems,Japón,,CGB-P-BPNJ-(JPN),,Completo,TRUE,TRUE,TRUE,8,7,8,9,,Comprado por 4090Y. Pequeño dobles en instrucciones,"23,04 €",Surugaya (Osaka),18/oct/2025,"60,00 €","60,00 €",04/11/2025,Sin Jugar,
Pocket Monsters Gin,Game Boy Color,1999,Nintendo,Game Freak,Japón,,,,Completo,TRUE,TRUE,TRUE,,,,,,Bordes blancos en caja. Comprado por 6100Y. Tengo otro cartucho roto,"35,00 €",Surugaya (Shinjuku),nov/2024,"65,00 €","65,00 €",20/05/2025,Sin Jugar,
Pokémon Pinball,Game Boy Color,1999,Nintendo,"Jupiter Corp., HAL Laboratory",Japón,,,,Completo,TRUE,TRUE,TRUE,,,,,,,"25,00 €",Beep (Akihabara),oct/2018,"70,00 €","70,00 €",20/05/2025,Jugado,
Bakumatsu Roman Dai Ni Maku: Gekka no Kenshi - Final Edition,Dreamcast,2000,SNK,SNK,Japón,,,,Completo,TRUE,TRUE,TRUE,,,,,,,"24,00 €",Surugaya (Osaka),oct/2024,"65,00 €","65,00 €",10/4/2025,Probado,
Biohazard CODE: Veronica,Dreamcast,2000,Capcom,Capcom Production Studio 4,Japón,Shokai Genteiban (Ed. Limit. Lanzamiento),T-1210M,,Completo,TRUE,TRUE,TRUE,9,8,9,9,"Publicidad, registro",Comprado por 1380Y. Falta moneda conmemorativa,"7,82 €",Surugaya (Shinjuku),29/oct/2025,"30,00 €","30,00 €",04/11/2025,Sin Jugar,
ChuChu Rocket,Dreamcast,1999,SEGA,Sega Software R&D 8 (Sonic Team),Japón,,,,Completo,TRUE,TRUE,TRUE,,,,,,,"5,50 €",Surugaya (Osaka),oct/2024,"15,00 €","15,00 €",10/4/2025,Probado,
Crazy Taxi,Dreamcast,2000,SEGA,Sega Software R&D 3,Japón,,,,Completo,TRUE,TRUE,TRUE,,,,,,,"15,00 €",Surugaya (Shinjuku),nov/2024,"50,00 €","50,00 €",10/4/2025,Probado,
Crazy Taxi 2,Dreamcast,2001,SEGA,Hitmaker,Japón,,HDR-0159,,Completo,TRUE,TRUE,TRUE,8,8,8,9,Registro,Comprado por 1800Y,"10,20 €",Book Off (Ikebukuro),31/oct/2025,"60,00 €","60,00 €",4/11/2025,Sin Jugar,
F355 Challenge,Dreamcast,2000,SEGA,SEGA AM2 of CRI,Japón,,,,Casi completo,TRUE,TRUE,TRUE,,,,,,,"9,00 €",Surugaya (Shinjuku),nov/2024,"20,00 €","20,00 €",10/4/2025,Probado,
Monaco Grand Prix Racing Simulation 2,Dreamcast,1999,Ubi Soft Entertainment,Ubi Soft Paris,Japón,,,,Completo,TRUE,TRUE,TRUE,,,,,,,"7,00 €",Surugaya (Shinjuku),nov/2024,"20,00 €","20,00 €",10/4/2025,Probado,
Power Smash 2,Dreamcast,2001,SEGA,Hitmaker,Japón,,,,Casi completo,TRUE,TRUE,TRUE,,,,,,,"16,00 €",Surugaya (Shinjuku),nov/2024,"30,00 €","30,00 €",10/4/2025,Probado,
Rayman Kaizokusen Kara no Dasshutsu!,Dreamcast,2000,Ubisoft,Ubisoft Montpellier,Japón,,T-17703M,,Completo,TRUE,TRUE,TRUE,7,7,7,8,Registro,Comprado por 5500Y,"31,18 €",Trader (Akihabara),30/oct/2025,"40,00 €","40,00 €",4/11/2025,Probado,
SEGA GT Homologation Special,Dreamcast,2000,SEGA,Sega Software R&D 1,Japón,,,,Completo,TRUE,TRUE,TRUE,,,,,,,"20,00 €",Retro Game Valencia,07/abr/2024,"25,00 €","25,00 €",10/4/2025,Probado,
SEGA Rally 2,Dreamcast,1999,SEGA,Sega Software R&D 6,Japón,,,,Completo,TRUE,TRUE,TRUE,,,,,,,"6,00 €",Surugaya (Osaka),oct/2024,"30,00 €","30,00 €",10/4/2025,Probado,
Sonic Adventure International,Dreamcast,1999,SEGA,Sonic Team USA,Japón,,,,Casi completo,TRUE,TRUE,TRUE,,,,,,,"20,00 €",Surugaya (Shinjuku),nov/2024,"50,00 €","50,00 €",10/4/2025,Probado,
Space Channel 5,Dreamcast,1999,SEGA,Sega Software R&D 9,Japón,,,,Completo,TRUE,TRUE,TRUE,,,,,,,"5,50 €",Surugaya (Osaka),oct/2024,"30,00 €","30,00 €",10/4/2025,Probado,
Street Fighter Zero 3 - Saikyo-ryu Dojo,Dreamcast,1999,Capcom,Capcom,Japón,,,,Completo,TRUE,TRUE,TRUE,,,,,,2980Y,"20,00 €",Surugaya (Osaka),oct/2024,"60,00 €","60,00 €",10/4/2025,Probado,
Virtua Fighter 3tb,Dreamcast,1997,SEGA,Genki,Japón,,,,Completo,TRUE,TRUE,TRUE,,,,,Disco Project Berkley,Incluye disco de Project Berkley (avance de Shenmue). 880Y,"6,00 €",Surugaya (Shinjuku),nov/2024,"25,00 €","25,00 €",10/4/2025,Probado,
Virtua Striker 2 - Ver.2000.1,Dreamcast,1999,SEGA,"Sega Software R&D 4, Genki",Japón,,,,Casi completo,TRUE,TRUE,TRUE,,,,,,,"5,00 €",Surugaya (Shinjuku),nov/2024,"10,00 €","10,00 €",10/4/2025,Probado,
Final Fantasy I,WonderSwan Color,2000,SquareSoft,SquareSoft,Japón,Edición WonderSwan Color Final Fantasy,,,Completo,TRUE,TRUE,TRUE,,,,,,Incluido en edición de consola WonderSwan Color Final Fantasy I,"0,00 €",Incluido con consola,23/oct/2025,"30,00 €","30,00 €",04/11/2025,Sin Jugar,
DJ: Decks & FX Live Session,PlayStation 2,2004,Sony Computer Entertainment,Relentless Software,España,,,,Completo,TRUE,TRUE,TRUE,,,,,,,"0,00 €",Original (primo Kike),nov/2019,"5,00 €","5,00 €",10/4/2025,Sin Jugar,
Dragon Quest VIII El Periplo del Rey Maldito,PlayStation 2,2004,Square Enix,Level-5,España,,,,Completo,TRUE,TRUE,TRUE,,,,,,,"12,00 €",Japan Weekend Madrid,feb/2023,"30,00 €","30,00 €",10/4/2025,Jugado,
El Señor de los Anillos: El Retorno del Rey,PlayStation 2,2003,Electronic Arts,EA Redwood Shores,España,,,,Completo,TRUE,TRUE,TRUE,,,,,,,"7,00 €",Wallapop,17/ago/2022,"15,00 €","15,00 €",10/4/2025,Completado,
El Señor de los Anillos: La Comunidad del Anillo,PlayStation 2,2002,Vivendi Games,WXP Games,España,,,,Completo,TRUE,TRUE,TRUE,,,,,,,"15,00 €",Wallapop,22/ago/2022,"30,00 €","30,00 €",10/4/2025,Sin Jugar,
El Señor de los Anillos: La Tercera Edad,PlayStation 2,2004,Electronic Arts,Visceral Games,España,,,,Completo,TRUE,TRUE,TRUE,,,,,,,"10,00 €",Wallapop,19/ago/2022,"20,00 €","20,00 €",10/4/2025,Completado,
El Señor de los Anillos: La Colección,PlayStation 2,2006,Electronic Arts,"Stormfront Studios, EA Redwood Shores, Visceral Games",España,,,,Completo,TRUE,TRUE,TRUE,,,,,,"Incluye Las Dos Torres, El Retorno del Rey y La Tercera Edad (3 DVD y 3 manuales)","40,00 €",Japan Weekend Madrid,feb/2023,"80,00 €","80,00 €",10/4/2025,Sin Jugar,
El Señor de los Anillos: Las Dos Torres,PlayStation 2,2002,Electronic Arts,Stormfront Studios,España,,,,Completo,TRUE,TRUE,TRUE,,,,,,,"5,00 €",Wallapop,16/ago/2022,"15,00 €","15,00 €",10/4/2025,Completado,
Final Fantasy X,PlayStation 2,2002,Sony Computer Entertainment,Square Enix,España,,,,Completo,TRUE,TRUE,TRUE,,,,,,Restos de pegatinas DVD Bonus y Sony España quitadas en portada,"5,00 €",Wallapop,12/sep/2019,"10,00 €","10,00 €",10/4/2025,Completado,
Final Fantasy X-2,PlayStation 2,2003,Square Enix,Square Enix,España,,,,Completo,TRUE,TRUE,TRUE,,,,,,,"4,00 €",Wallapop,10/sep/2019,"8,00 €","8,00 €",10/4/2025,Sin Jugar,
Final Fantasy XII,PlayStation 2,2006,Square Enix,Square Enix,España,,,,Completo,TRUE,TRUE,TRUE,,,,,,,"5,00 €",Wallapop,12/sep/2019,"10,00 €","10,00 €",10/4/2025,Jugado,
Gran Turismo 4,PlayStation 2,2005,Sony Computer Entertainment,Polyphony Digital,España,,,,Incompleto,TRUE,FALSE,TRUE,,,N/A,,,,"5,00 €",Game,nov/2019,"7,00 €","7,00 €",10/4/2025,Completado,
Metal Gear Solid 2: Sons of Liberty,PlayStation 2,2001,Konami,Kojima Productions,España,,,,Completo,TRUE,TRUE,TRUE,,,,,,,"5,00 €",Game,nov/2019,"20,00 €","20,00 €",10/4/2025,Sin Jugar,
Metal Gear Solid 3: Snake Eater,PlayStation 2,2004,Konami,Kojima Productions,España,,,,Completo,TRUE,TRUE,TRUE,,,,,,,"5,00 €",Game,nov/2019,"20,00 €","20,00 €",10/4/2025,Sin Jugar,
Pro Evolution Soccer 6,PlayStation 2,2006,Konami,Konami,España,,,,Completo,TRUE,TRUE,TRUE,,,,,,,"0,00 €",Original (primo Kike),nov/2019,"10,00 €","10,00 €",10/4/2025,Jugado,
2 Games in 1: Monstruos S.A. + Buscando a Nemo,Game Boy Advance,2005,THQ,"Traveller's Tales, Vicarious Visions",España,,,,Suelto,FALSE,FALSE,TRUE,,N/A,N/A,,,,"0,00 €",Wallapop,16/mar/2018,"5,00 €","5,00 €",10/04/2025,Sin Jugar,
El Rey Leon,Game Boy Advance,2003,THQ,Vicarious Visions,España,,,,Suelto,FALSE,FALSE,TRUE,,N/A,N/A,,,,"0,00 €",Wallapop,16/mar/2018,"5,00 €","5,00 €",10/04/2025,Sin Jugar,
Mario Kart Advance,Game Boy Advance,2001,Nintendo,Intelligent Systems,Japón,,,,Completo,TRUE,TRUE,TRUE,,,,,,Caja con bordes blancos. Comprado por 1900Y,"12,00 €",Surugaya (Shinjuku),nov/2024,"30,00 €","30,00 €",10/04/2025,Sin Jugar,
Fire Emblem: Fuuin no Tsurugi,Game Boy Advance,2002,Nintendo,Intelligent Systems,Japón,,AGB-P-AFEJ(JPN),,Completo,TRUE,TRUE,TRUE,6,4,7,8,Tarjeta limpieza ,Daño importante en caja. Comprado por 4059Y,"22,85 €",Book Off (Kobe),19/oct/2025,"60,00 €","60,00 €",04/11/2025,Sin Jugar,
Fire Emblem: Rekka no Ken,Game Boy Advance,2003,Nintendo ,Intelligent Systems,Japón,,AGB-P-AE7J(JPN),,Completo,TRUE,TRUE,TRUE,7,7,8,8,,Esquinas blancas en caja. Comprado por 4950Y,"27,87 €",Book Off (Kobe),19/oct/2025,"70,00 €","70,00 €",04/11/2025,Sin Jugar,
From TV Animation One Piece: Nanatsu Shima no Daihihou,Game Boy Advance,2002,Banpresto,Cavia,Japón,,,,Completo,TRUE,TRUE,TRUE,,,,,,Comprado por 1000Y,"6,00 €",Surugaya (Shinjuku),nov/2024,"20,00 €","20,00 €",10/04/2025,Sin Jugar,
Pocket Monsters Emerald,Game Boy Advance,2004,The Pokémon Company,Game Freak,Japón,,AGB-R-BPEJ(JPN),,Completo,TRUE,TRUE,TRUE,8,7,8,9,"Publi, guía braille, mapa, adaptador, limpieza ",Pila desgastada. Incluye adaptador Wireless. Comprado por 12812Y,"72,63 €",Ojamakan (Kobe),19/oct/2025,"150,00 €","150,00 €",04/11/2025,Sin Jugar,
Pocket Monsters Fire Red,Game Boy Advance,2004,The Pokémon Company,Game Freak,Japón,,AGB-P-BPRJ(JPN),,Completo,TRUE,TRUE,TRUE,8,8,8,8,"Publi, guía braille, limpieza ",Versión sin adaptador inalámbrico. Comprado a 8980Y,"50,90 €",Ojamakan (Kobe),19/oct/2025,"110,00 €","110,00 €",04/11/2025,Sin Jugar,
Pokémon Fushigi no Danjon Aka no Kyūjotai,Game Boy Advance,2005,The Pokémon Company,Chunsoft,Japón,,,,Nuevo,TRUE,TRUE,TRUE,,,,,,Bordes blancos. Comprado por 5400Y,"33,00 €",Surugaya (Akihabara),oct/2023,"70,00 €","70,00 €",10/04/2025,Sin Jugar,
Pocket Monsters Leaf Green,Game Boy Advance,2004,The Pokémon Company,Game Freak,Japón,,,,Completo,TRUE,TRUE,TRUE,,,,,,Versión sin adaptador inalámbrico. Comprado a 7470Y,"46,00 €",Surugaya (Yokohama),oct/2023,"120,00 €","120,00 €",10/04/2025,Sin Jugar,
Pocket Monsters Rubi,Game Boy Advance,2002,The Pokémon Company,Game Freak,Japón,,,,Completo,TRUE,TRUE,TRUE,8,8,8,8,"Publi, guía braille, limpieza ",Comprado por 7880Y,,Trader (Akihabara),30/oct/2025,,,04/11/2025,Sin Jugar,
Pocket Monsters Sapphire,Game Boy Advance,2002,The Pokémon Company,Game Freak,Japón,,AGB-P-AXPJ(JPN),,Casi completo,TRUE,TRUE,TRUE,7,5,9,8,"Publi, guía braille, limpieza",Falta caja interior. Comprado por 3984Y. Caja golpeada,"22,58 €",Ojamakan (Kobe),19/oct/2025,"60,00 €","60,00 €",04/11/2025,Sin Jugar,
Super Mario Advance 4: Super Mario Bros. 3,Game Boy Advance,2003,Nintendo,Nintendo R&D2,España,,,,Suelto,FALSE,FALSE,TRUE,,N/A,N/A,,,,"0,00 €",Wallapop,16/mar/2018,"20,00 €","20,00 €",10/04/2025,Sin Jugar,
Super Mario Bros Famicom Mini,Game Boy Advance,2004,Nintendo,Nintendo EAD,Japón,,,,Completo,TRUE,TRUE,TRUE,,,,,,Perteneciente a la Famicom Mini series (18 juegos). Comprado por 1800Y,"11,00 €",Surugaya (Shinjuku),nov/2024,"25,00 €","25,00 €",10/04/2025,Sin Jugar,
Mario Kart Double Dash,Game Cube,2003,Nintendo,Nintendo EAD,Japón,,DOL-P-GM4J(JPN),,Completo,TRUE,TRUE,TRUE,7,7,8,7,,Comprado por 1280Y,"7,13 €",Ojamakan (Nishinomiya),19/oct/2025,"20,00 €","20,00 €",04/11/2025,Sin Jugar,
Pokémon Colosseum,Game Cube,2003,The Pokémon Company,Genius Sonotory,Japón,,DOL-R-GC6J(JPN),,Completo,TRUE,TRUE,TRUE,7,5,9,8,"Memory Card, Publi, pegatinas memory y mantenimiento",Comprado por 3680Y. Incluye memory card. Cartón exterior con motas de humedad,"20,51 €",Ojamakan (Nishinomiya),19/oct/2025,"40,00 €","40,00 €",04/11/2025,Sin Jugar,
Pokémon XD Yami no Kaze - Dark Lugia,Game Cube,2005,The Pokémon Company,Genius Sonotory,Japón,,DOL-P-GXXJ(JPN),,Completo,TRUE,TRUE,TRUE,7,7,9,7,Publi,Comprado por 6286Y. Esta revisión se vendía con un bundle con Game Boy Player Set??,"35,63 €",Ojamakan (Kobe),19/oct/2025,"100,00 €","100,00 €",04/11/2025,Sin Jugar,
Big Brain Academy,Nintendo DS,2005,Nintendo,Nintendo EAD,España,,,,Completo,TRUE,TRUE,TRUE,,,,,,Juego de Ketty,"0,00 €",Ketty,2009,"10,00 €","10,00 €",10/04/2025,Sin Jugar,
Final Fantasy IV,Nintendo DS,2008,Square Enix,Matrix Software,España,,,,Incompleto,TRUE,TRUE,FALSE,,,,N/A,,Juego de Ketty,"0,00 €",Ketty,2009,"20,00 €","20,00 €",10/04/2025,Sin Jugar,
Fire Emblem Shin Ankoku Ryū to Hikari no Tsurugi,Nintendo DS,2008,Nintendo,Intelligent Systems,Japón,,NTR-YFEJ-JPN,,Completo,TRUE,TRUE,TRUE,7,7,7,8,"Publicidad, wifi",Comprado por 2760Y,"15,64 €",Surugaya (Shinjuku),29/oct/2025,"25,00 €","25,00 €",04/11/2025,Sin Jugar,
Fire Emblem Shin Monshou no Nazo,Nintendo DS,2010,Nintendo,Intelligent Systems,Japón,,TSA-TWL-VI2J-JPN,,Completo,TRUE,TRUE,TRUE,8,8,8,8,"Club Nintendo, mantenimiento, wifi",Exclusivo Japón. Comprado por 3164Y,"17,93 €",Bic Camera Outlet (Ikebukuro),28/oct/2025,"50,00 €","50,00 €",04/11/2025,Sin Jugar,
Mario & Luigi RPG 3!!!,Nintendo DS,2009,Nintendo,Alpha Dream,Japón,,,,Suelto,FALSE,FALSE,TRUE,,N/A,N/A,,,Mario y Luigi: Viaje al centro de Bowser,"0,00 €",Regalo (Japón),oct/2018,"5,00 €","5,00 €",10/04/2025,Sin Jugar,
Need for Speed Undercover,Nintendo DS,2008,Electronic Arts,Firebrand Games,España,,,,Incompleto,TRUE,TRUE,FALSE,,N/A,N/A,,,Juego de Ketty,"0,00 €",Ketty,2009,"10,00 €","10,00 €",10/04/2025,Sin Jugar,
New Super Mario Bros.,Nintendo DS,2006,Nintendo,Nintendo EAD,Japón,,,,Completo,TRUE,TRUE,TRUE,,,,,,Comprado por 1000Y. También cartucho suelto (8€),"6,00 €",Bic Camera Outlet (Ikebukuro),nov/2024,"15,00 €","15,00 €",10/04/2025,Sin Jugar,
Nō o Kitaeru Otona no DS Training,Nintendo DS,2005,Nintendo,Nintendo SPD,Japón,,,,Suelto,FALSE,FALSE,TRUE,,N/A,N/A,,,Brain Training,"0,00 €",Regalo (Japón),oct/2018,"1,00 €","1,00 €",10/04/2025,Sin Jugar,
Pokémon Dash,Nintendo DS,2004,The Pokémon Company,Ambrella,Japón,,NTR-APDJ-JPN,,Completo,TRUE,TRUE,TRUE,9,8,9,9,"Publicidad, Club Nintendo",Comprado por 780Y,"4,39 €",Ojamakan (Nishinomiya),19/oct/2025,"16,00 €","16,00 €",04/11/2025,Sin Jugar,
Pokémon Diamante,Nintendo DS,2006,Nintendo,Game Freak,España,,,,Completo,TRUE,TRUE,TRUE,,,,,,Falta tarjeta de Club Nintendo,"45,00 €",Wallapop,13/jul/2025,"50,00 €","50,00 €",21/07/2025,Sin Jugar,
Pokémon Fushigi no Danjon Ao no Kyūjotai,Nintendo DS,2005,The Pokémon Company,Chunsoft,Japón,,NTR-APHJ-JPN,,Completo,TRUE,TRUE,TRUE,8,8,8,7,Publicidad,Comprado por 880Y,"4,98 €",Ojamakan (Nishinomiya),19/oct/2025,"15,00 €","15,00 €",04/11/2025,Sin Jugar,
Pocket Monsters HeartGold,Nintendo DS,2009,The Pokémon Company,Game Freak,Japón,,(LCPK)NTR-IPKJ-JPN,,Completo,TRUE,TRUE,TRUE,8,8,9,7,"Publi, club Nintendo, wifi, mantenimiento",Versión sin PokéWalker. Comprado por 4984Y.,"28,25 €",Ojamakan (Kobe),19/oct/2025,"50,00 €","50,00 €",04/11/2025,Sin Jugar,
Pokémon Perla,Nintendo DS,2006,Nintendo,Game Freak,España,,,,Completo,TRUE,TRUE,TRUE,,,,,,,"45,00 €",Wallapop,13/jul/2025,"50,00 €","50,00 €",21/07/2025,Sin Jugar,
Pocket Monsters SoulSilver,Nintendo DS,2009,The Pokémon Company,Game Freak,Japón,,(LCPK)NTR-IPTJ-JPN,,Completo,TRUE,TRUE,TRUE,7,7,7,7,"Publi, club Nintendo, wifi, mantenimiento",Versión sin PokéWalker. Comprado por 7360Y. Plástico de portada con polvo y suciedad,"41,72 €",Surugaya (Shinjuku),29/oct/2025,"60,00 €","60,00 €",04/11/2025,Sin Jugar,
Pokémon Torouze,Nintendo DS,2005,The Pokémon Company,Genius Sonotory,Japón,,NTR-APTJ-JPN,,Completo,TRUE,TRUE,TRUE,7,7,8,6,"Publicidad, club Nintendo",Comprado por 780Y,"4,39 €",Ojamakan (Nishinomiya),19/oct/2025,"20,00 €","20,00 €",04/11/2025,Sin Jugar,
Rayman Raving Rabbids TV Party,Nintendo DS,2008,Ubisoft,Ubisoft Casablanca,España,,,,Incompleto,TRUE,TRUE,FALSE,,N/A,N/A,,,Juego de Ketty,"0,00 €",Ketty,2009,"5,00 €","5,00 €",10/04/2025,Sin Jugar,
Super Mario 64 DS,Nintendo DS,2004,Nintendo,Nintendo EAD,Japón,,NTR-ASMJ-JPN,,Completo,TRUE,TRUE,TRUE,7,6,8,8,"Club Nintendo, fe de erratas",Comprado por 1780Y,"10,08 €",Ojamakan (Nishinomiya),19/oct/2025,"17,00 €","17,00 €",04/11/2025,Sin Jugar,
Call of Duty Modern Warfare 2,Xbox 360,2009,Activision,Infinity Ward,Reino Unido,,,,Completo,TRUE,TRUE,TRUE,,,,,,,"45,00 €",Amazon UK,ene/2010,"5,00 €","5,00 €",10/4/2025,Completado,
Dark Souls,Xbox 360,2011,Bandai Namco Entertainment,From Software,Reino Unido,Limited Edition,,,Completo,TRUE,TRUE,TRUE,,,,,,,"60,00 €",Amazon UK,oct/2011,"45,00 €","45,00 €",10/4/2025,Completado,
Fable II,Xbox 360,2008,Microsoft Game Studios,Lionhead Studios,España,,,,Completo,TRUE,TRUE,TRUE,,,,,,,"0,00 €",Incluído con consola,ene/2009,"10,00 €","10,00 €",10/4/2025,Completado,
Fable III,Xbox 360,2010,Microsoft Game Studios,Lionhead Studios,España,,,,Completo,TRUE,TRUE,TRUE,,,,,,,"45,00 €",Media Markt,oct/2010,"10,00 €","10,00 €",10/4/2025,Completado,
FIFA 12,Xbox 360,2011,Electronic Arts,EA Canada,España,,,,Completo,TRUE,TRUE,TRUE,,,,,,,"50,00 €",Media Markt,sept/2011,"5,00 €","5,00 €",10/4/2025,Jugado,
FIFA 13,Xbox 360,2012,Electronic Arts,EA Canada,España,,,,Completo,TRUE,TRUE,TRUE,,,,,,,"50,00 €",Media Markt,sept/2012,"5,00 €","5,00 €",10/4/2025,Jugado,
Final Fantasy XI,Xbox 360,2006,Square Enix,Square Enix Product Development Division 3,Europa,,,,Completo,TRUE,TRUE,TRUE,,,,,,,"15,00 €",Japan Weekend Madrid,feb/2023,"30,00 €","30,00 €",10/4/2025,Sin Jugar,
Final Fantasy XIII,Xbox 360,2010,Square Enix,Square Enix Product Development Division 1,Europa,,,,Completo,TRUE,TRUE,TRUE,,,,,,,"50,00 €",Carrefour,mar/2010,"15,00 €","15,00 €",10/4/2025,Completado,
Final Fantasy XIII-2,Xbox 360,2012,Square Enix,"Square Enix, tri-Ace",España,,,,Completo,TRUE,TRUE,TRUE,,,,,,,"6,00 €",CEX,12/ago/2021,"10,00 €","10,00 €",10/4/2025,Probado,
Forza Motorsport III,Xbox 360,2009,Microsoft Game Studios,Turn 10,Reino Unido,,,,Completo,TRUE,TRUE,TRUE,,,,,,,"45,00 €",Amazon UK,ene/2010,"5,00 €","5,00 €",10/4/2025,Jugado,
Kinect Adventures!,Xbox 360,2010,Microsoft Game Studios,Good Science Studio,España,,,,Completo,TRUE,TRUE,TRUE,,,,,,,"0,00 €",Incluído con Kinect,nov/2010,"5,00 €","5,00 €",10/4/2025,Jugado,
Kinect Sports,Xbox 360,2010,Microsoft Game Studios,Rare,España,,,,Completo,TRUE,TRUE,TRUE,,,,,,,"0,00 €",Incluído con Kinect,nov/2010,"5,00 €","5,00 €",10/4/2025,Jugado,
Kinect Sports Segunda Temporada,Xbox 360,2011,Microsoft Game Studios,Rare,España,,,,Completo,TRUE,TRUE,TRUE,,,,,,,"0,00 €",Game,nov/2011,"5,00 €","5,00 €",10/4/2025,Jugado,
Gears of War 2,Xbox 360,2008,Microsoft Game Studios,Epic Games,España,,,,Completo,TRUE,TRUE,TRUE,,,,,,,"0,00 €",Incluído con consola,ene/2009,"10,00 €","10,00 €",10/4/2025,Completado,
Mass Effect,Xbox 360,2007,Microsoft Game Studios,BioWare,España,Edición Limitada de Coleccionista,,,Completo,TRUE,TRUE,TRUE,,,,,,,"11,82 €",Ebay,21/may/2017,"40,00 €","40,00 €",10/4/2025,Completado,
WWE Smackdown vs. Raw 2011,Xbox 360,2010,THQ,Yuke's,Reino Unido,,,,Completo,TRUE,TRUE,TRUE,,,,,,,"45,00 €",Amazon UK,ene/2011,"5,00 €","5,00 €",10/4/2025,Completado,
LEGO Batman: el videojuego,Wii,2008,Warner Bros. Interactive Ent.,Traveller's Tales,España,,,,Completo,TRUE,TRUE,TRUE,,,,,,Usado para flashear Wii,"10,00 €",Ebay,07/dic/2014,"10,00 €","10,00 €",10/4/2025,Sin Jugar,
Mario & Sonic en los Juegos Olímpicos de Invierno,Wii,2009,SEGA,SEGA Sports R&D,España,,,,Completo,TRUE,TRUE,TRUE,,,,,,,"0,00 €",Wallapop,15/oct/2024,"10,00 €","10,00 €",10/4/2025,Sin Jugar,
Mario Kart Wii,Wii,2008,Nintendo,Nintendo EAD,España,,,,Completo,TRUE,TRUE,TRUE,,,,,,,"0,00 €",Wallapop,15/oct/2024,"15,00 €","15,00 €",10/4/2025,Sin Jugar,
Mario Party 8,Wii,2007,Nintendo,Hudson Soft,España,,,,Completo,TRUE,TRUE,TRUE,,,,,,,"0,00 €",Wallapop,15/oct/2024,"15,00 €","15,00 €",10/4/2025,Sin Jugar,
Pokémon Battle Revolution,Wii,2006,The Pokémon Company,Genius Sonotory,Japón,,RVL-P-RPBJ(JPN),,Completo,TRUE,TRUE,TRUE,7,7,7,7,"Publi, club Nintendo, wifi, mantenimiento",Comprado por 280Y,"1,57 €",Ojamakan (Nishinomiya),19/oct/2025,"5,00 €","5,00 €",04/11/2025,Sin Jugar,
Super Mario All-Stars,Wii,2010,Nintendo,Nintendo EAD,Japón,25th Anniversary Edition,,,Completo,TRUE,TRUE,TRUE,,,,,CD BSO y libro,Edición 25 Aniversario con CD BSO y libro. Comprado por 1200Y,"7,50 €",Surugaya (Shinjuku),nov/2024,"25,00 €","25,00 €",10/4/2025,Sin Jugar,
Super Mario Galaxy 2,Wii,2010,Nintendo,Nintendo EAD Tokyo,España,,,,Completo,TRUE,TRUE,TRUE,,,,,,Big Box caja carton,"0,00 €",Wallapop,15/oct/2024,"25,00 €","25,00 €",10/4/2025,Sin Jugar,
The Legend of Zelda: Skyward Sword,Wii,2011,Nintendo,Nintendo EAD,España,Edición 25 Aniversario,,,Casi completo,TRUE,TRUE,TRUE,,,,,"Portada dorada, CD BSO",Edición 25 Aniversario con CD BSO. Falta caja con Wii Motion Plus,"20,00 €",Wallapop,19/oct/2019,"25,00 €","25,00 €",10/4/2025,Sin Jugar,
Wii Play,Wii,2006,Nintendo,Nintendo EAD,España,,,,Completo,TRUE,TRUE,TRUE,,,,,,,"0,00 €",Wallapop,15/oct/2024,"5,00 €","5,00 €",10/4/2025,Sin Jugar,
Animal Crossing: New Leaf - Welcome amiibo,Nintendo 3DS,2012,Nintendo,Nintendo EAD,España,,,,Completo,TRUE,TRUE,TRUE,,,,,,,"19,99 €",Game,29/jun/2018,"20,00 €","20,00 €",11/4/2025,Probado,
Bravely Default,Nintendo 3DS,2012,"Nintendo, Square Enix",Silocon Studio,España,,,,Completo,TRUE,TRUE,TRUE,,,,,,,"33,99 €",Fnac,08/ago/2017,"30,00 €","30,00 €",11/4/2025,Jugado,
Donkey Kong Country Returns,Nintendo 3DS,2013,Nintendo,Retro Studios,España,,,,Completo,TRUE,TRUE,TRUE,,,,,,,"19,99 €",Game,29/jun/2018,"20,00 €","20,00 €",11/4/2025,Sin Jugar,
Dragon Quest VIII: El periplo del Rey Maldito,Nintendo 3DS,2015,Nintendo,Level-5,España,,,,Completo,TRUE,TRUE,TRUE,,,,,,,"19,99 €",Alcampo,20/dic/2017,"70,00 €","70,00 €",11/4/2025,Sin Jugar,
Etrian Odyssey 2 Untold: The Fafnir Knight,Nintendo 3DS,2014,Atlus,Atlus,España,,,,Completo,TRUE,TRUE,TRUE,,,,,,Remake del Etrian Odyssey 2,"19,95 €",Game,19/may/2018,"100,00 €","100,00 €",11/4/2025,Sin Jugar,
Etrian Odyssey V: Beyond the Myth,Nintendo 3DS,2016,Atlus,Atlus,España,,,,Completo,TRUE,TRUE,TRUE,,,,,,,"32,45 €",Game,07/nov/2017,"130,00 €","130,00 €",11/4/2025,Jugado,
Fire Emblem Echoes: Shadows of Valentia,Nintendo 3DS,2017,Nintendo,Intelligent Systems,España,,,,Completo,TRUE,TRUE,TRUE,,,,,,,"37,99 €",Fnac,19/may/2017,"35,00 €","35,00 €",11/4/2025,Sin Jugar,
Fire Emblem Fates,Nintendo 3DS,2015,Nintendo,Intelligent Systems,España,Edición Especial,,,Completo,TRUE,TRUE,TRUE,,,,,,"Edición especial. Incuye Conquista, Estirpe y Revelación","79,90 €",Media Markt,20/may/2016,"200,00 €","200,00 €",11/4/2025,Jugado,
Fire Emblem: Awakening,Nintendo 3DS,2012,Nintendo,Intelligent Systems,España,,,,Completo,TRUE,TRUE,TRUE,,,,,,,"23,74 €",Amazon ES,30/jun/2017,"45,00 €","45,00 €",11/4/2025,Sin Jugar,
Kirby: Triple Deluxe,Nintendo 3DS,2014,Nintendo,HAL Laboratory,España,,,,Completo,TRUE,TRUE,TRUE,,,,,,,"19,99 €",Game,13/oct/2017,"15,00 €","15,00 €",11/4/2025,Sin Jugar,
Luigi's Mansion 2,Nintendo 3DS,2013,Nintendo,Next Level Games,España,,,,Completo,TRUE,TRUE,TRUE,,,,,,Picotazo en portada de la caja,"19,99 €",Game,13/oct/2017,"10,00 €","10,00 €",11/4/2025,Probado,
Mario Kart 7,Nintendo 3DS,2011,Nintendo,Nintendo EAD,España,,,,Completo,TRUE,TRUE,TRUE,8,7,9,9,,,"7,90 €",Cash Converters,16/08/2025,"10,00 €","10,00 €",18/8/2025,Sin Jugar,
Metroid: Samus Returns,Nintendo 3DS,2017,Nintendo,MercurySteam,España,,,,Completo,TRUE,TRUE,TRUE,,,,,,,"37,99 €",Fnac,15/sep/2017,"50,00 €","50,00 €",11/4/2025,Completado,
Pokémon Luna,Nintendo 3DS,2016,Nintendo,Game Freak,España,Edición Especial Steelbook,,,Completo,TRUE,TRUE,TRUE,,,,,Steelbook,,"47,49 €",Fnac,22/nov/2016,"80,00 €","80,00 €",11/4/2025,Completado,
Pokémon Ultrasol,Nintendo 3DS,2017,Nintendo,Game Freak,España,Edición Especial Steelbook,,,Completo,TRUE,TRUE,TRUE,,,,,Steelbook,,"70,00 €",Wallapop,01/ago/2025,"70,00 €","80,00 €",11/8/2025,Sin Jugar,
Pokémon Y,Nintendo 3DS,2013,Nintendo,Game Freak,España,,,,Completo,TRUE,TRUE,TRUE,,,,,,,"18,00 €",Valdegamers,27/ene/2021,"35,00 €","35,00 €",11/4/2025,Completado,
Radiant Historia: Perfect Chronology,Nintendo 3DS,2017,Atlus,Atlus,España,,,,Completo,TRUE,TRUE,TRUE,,,,,,,"34,90 €",El Corte Inglés,28/may/2018,"150,00 €","150,00 €",11/4/2025,Sin Jugar,
Super Mario 3D Land,Nintendo 3DS,2011,Nintendo,Nintendo EAD,España,,,,Completo,TRUE,TRUE,TRUE,,,,,,,"19,99 €",Game,13/oct/2017,"10,00 €","10,00 €",11/4/2025,Probado,
The Legend of Zelda: A Link Between Worlds,Nintendo 3DS,2013,Nintendo,Nintendo EAD,España,,,,Completo,TRUE,TRUE,TRUE,,,,,,,"17,99 €",Game,24/oct/2017,"30,00 €","30,00 €",11/4/2025,Sin Jugar,
The Legend of Zelda: Majora's Mask 3D,Nintendo 3DS,2015,Nintendo,"GREZZO, Nintendo EAD",España,,,,Completo,TRUE,TRUE,TRUE,,,,,,,"38,00 €",Game,oct/2017,"50,00 €","50,00 €",11/4/2025,Completado,
The Legend of Zelda: Ocarina of Time 3D,Nintendo 3DS,2011,Nintendo,"GREZZO, Nintendo EAD",España,Edición Limitada Zelda 25 Aniversario,,,Casi completo,TRUE,TRUE,TRUE,,,,,Portada dorada,Edición limitada portada dorada que venía con consola 3DS 25 Aniversario Zelda,"18,99 €",Game,24/oct/2017,"50,00 €","50,00 €",11/4/2025,Completado,
Minecraft: PlayStation Vita Edition,PlayStation Vita,2014,Mojang,4J Studios,Japón,,,,Completo,TRUE,TRUE,TRUE,,,,,,,"3,00 €",Book Off (Ikebukuro),nov/2024,"5,00 €","5,00 €",11/4/2025,Probado,
Bayonetta 1 & 2 Special Edition,Wii U,2014,Nintendo,Platinum Games,Europa,,,,Completo,TRUE,TRUE,TRUE,,,,,,,"30,00 €",Game,2016,"50,00 €","50,00 €",11/4/2025,Sin Jugar,
Call of Duty Black Ops 2,Wii U,2012,Activision,Treyarch,España,,,,Completo,TRUE,TRUE,TRUE,,,,,,,"6,00 €",Carrefour,21/nov/2014,"5,00 €","5,00 €",11/4/2025,Probado,
Captain Toad: Treasure Tracker,Wii U,2014,Nintendo,Nintendo EAD Tokyo,España,,,,Completo,TRUE,TRUE,TRUE,,,,,,,"15,00 €",Wallapop,16/ago/2021,"15,00 €","15,00 €",11/4/2025,Completado,
Donkey Kong Country: Tropical Freeze,Wii U,2014,Nintendo,Retro Studios,España,,,,Completo,TRUE,TRUE,TRUE,,,,,,,"40,00 €",Media Markt,26/mar/2015,"15,00 €","15,00 €",11/4/2025,Jugado,
Famicom Remix 1+2,Wii U,2014,Nintendo,"IndiesZero, Nintendo EAD",Japón,,WUP-P-AFDJ(JPN),,Completo,TRUE,FALSE,TRUE,8,8,N/A,9,"Club Nintendo, guía wii u",Comprado por 1255Y,"7,11 €",Bic Camera Outlet (Ikebukuro),28/oct/2025,"25,00 €","25,00 €",04/11/2025,Sin Jugar,
Hyrule Warriors,Wii U,2014,"Nintendo, Tecmo Koei",Team Ninja,España,,,,Completo,TRUE,TRUE,TRUE,,,,,,,"40,00 €",Amazon,dic/2014,"15,00 €","15,00 €",11/4/2025,Completado,
Kirby y el Pincel Arcoiris,Wii U,2015,Nintendo,HAL Laboratory,España,,,,Completo,TRUE,TRUE,TRUE,,,,,,partes blancas en portada,"32,00 €",CEX,12/ago/2021,"30,00 €","30,00 €",11/4/2025,Completado,
Mario Kart 8,Wii U,2014,Nintendo,Nintendo EAD,España,,,,Completo,TRUE,TRUE,TRUE,,,,,,,"0,00 €",Regalo (Cumpleaños),09/nov/2014,"15,00 €","15,00 €",11/4/2025,Completado,
Mario Party 10,Wii U,2015,Nintendo,NDCube,España,,,,Completo,TRUE,TRUE,TRUE,,,,,,,"20,00 €",Game,29/sep/2016,"15,00 €","15,00 €",11/4/2025,Jugado,
Mario Tennis: Ultra Smash,Wii U,2015,Nintendo,Camelot,España,,,,Completo,TRUE,TRUE,TRUE,,,,,,,"19,59 €",Fnac,14/dic/2016,"10,00 €","10,00 €",11/4/2025,Jugado,
Minecraft Wii U Edition,Wii U,2015,Nintendo,"Mojang, 4J Studios",España,,,,Completo,TRUE,TRUE,TRUE,,,,,,,"10,00 €",Japan Weekend Madrid,feb/2023,"12,00 €","12,00 €",11/4/2025,Sin Jugar,
Monster Hunter 3 Ultimate,Wii U,2013,Capcom,Capcom,España,,,,Completo,TRUE,TRUE,TRUE,,,,,,,"10,00 €",Carrefour,21/nov/2014,"35,00 €","35,00 €",11/4/2025,Probado,
New Super Luigi U,Wii U,2013,Nintendo,Nintendo EAD Tokyo,España,,,,Completo,TRUE,TRUE,TRUE,,,,,,,"8,00 €",Carrefour,21/nov/2014,"60,00 €","60,00 €",11/4/2025,Jugado,
Nintendo Land,Wii U,2012,Nintendo,Nintendo EAD,España,,,,Completo,TRUE,TRUE,TRUE,,,,,,,"0,00 €",Incluído con consola,09/nov/2014,"5,00 €","5,00 €",11/4/2025,Jugado,
Paper Mario Color Splash,Wii U,2016,Nintendo,Intelligent System,España,,,,Completo,TRUE,TRUE,TRUE,,,,,,,"34,19 €",Fnac,01/mar/2017,"25,00 €","25,00 €",11/4/2025,Jugado,
Pikmin 3,Wii U,2013,Nintendo,Nintendo EAD,España,,,,Completo,TRUE,TRUE,TRUE,,,,,,,"30,00 €",Game,29/sep/2016,"25,00 €","25,00 €",11/4/2025,Completado,
Sonic Lost World,Wii U,2013,Nintendo,Sonic Team,España,Deadly Six Edition,,,Completo,TRUE,TRUE,TRUE,,,,,,Deadly Six Ed. sin DLC,"10,00 €",Game,2017,"30,00 €","30,00 €",11/4/2025,Probado,
Splatoon,Wii U,2015,Nintendo,Nintendo EAD Group 2,Europa,Edición con Amiibo,,,Casi completo,TRUE,TRUE,TRUE,,,,,Amiibo,Se tiró la caja de la edición especial,"35,14 €",Fnac,05/jun/2015,"10,00 €","10,00 €",11/4/2025,Jugado,
Star Fox Zero,Wii U,2016,Nintendo,Platinum Games,Reino Unido,,,,Casi completo,TRUE,TRUE,TRUE,,,,,,,"19,59 €",Amazon ES,05/jun/2017,"20,00 €","20,00 €",11/4/2025,Sin Jugar,
Super Mario 3D World,Wii U,2013,Nintendo,Nintendo EAD Tokyo,España,,,,Completo,TRUE,TRUE,TRUE,,,,,,,"20,00 €",Game,26/mar/2015,"15,00 €","15,00 €",11/4/2025,Completado,
Super Mario Maker,Wii U,2015,Nintendo,Nintendo EAD,España,Edición con Amiibo,,,Casi completo,TRUE,TRUE,TRUE,,,,,"Libro de arte, amiibo 30 Aniv.",Se tiró la caja de la edición especial,"54,95 €",Amazon ES,07/sep/2015,"25,00 €","25,00 €",11/4/2025,Jugado,
Super Smash Bros. for Wii U,Wii U,2014,Nintendo,HAL Laboratory,España,,,,Completo,TRUE,TRUE,TRUE,,,,,,,"40,00 €",Media Markt,28/11/2014,"15,00 €","15,00 €",11/4/2025,Jugado,
The Legend of Zelda: Breath of the Wild,Wii U,2017,Nintendo,Nintendo EAD,España,,,,Completo,TRUE,TRUE,TRUE,,,,,,,"30,00 €",Game,16/jul/2021,"30,00 €","30,00 €",11/4/2025,Completado,
The Legend of Zelda: The Wind Waker HD,Wii U,2013,Nintendo,Nintendo EAD,España,,,,Completo,TRUE,TRUE,TRUE,,,,,,,"22,00 €",Wallapop,15/oct/2019,"65,00 €","65,00 €",11/4/2025,Completado,
The Legend of Zelda: Twilight Princess HD,Wii U,2016,Nintendo,Tantalus Media,España,Edición con Amiibo,,,Casi completo,TRUE,TRUE,TRUE,,,,,"CD BSO, amiibo",Se tiró la caja de la edición especial,"48,00 €",CEX,22/jun/2021,"90,00 €","90,00 €",11/4/2025,Completado,
Tokyo Mirage Sessions #FE,Wii U,2015,Nintendo,Atlus,EEUU,,,,Completo,TRUE,TRUE,TRUE,,,,,,,"34,99 €",Shop4Es web,24/abr/2017,"25,00 €","25,00 €",11/4/2025,Probado,
Wii Party U,Wii U,2013,Nintendo,NDCube,Europa,,,,Completo,TRUE,TRUE,TRUE,,,,,,cd dentro de consola,"0,00 €",Incluído con consola,09/nov/2014,"10,00 €","10,00 €",11/4/2025,Jugado,
Xenoblade Chronicles X,Wii U,2015,Nintendo,Monolith Soft,España,,,,Completo,TRUE,TRUE,TRUE,,,,,,,"39,89 €",Fnac,14/dic/2016,"25,00 €","25,00 €",11/4/2025,Sin Jugar,
Yoshi's Wooly World,Wii U,2015,Nintendo,"Nintendo SPD Group 4, Good-Feel",España,Edición con Amiibo,,,Casi completo,TRUE,TRUE,TRUE,,,,,Amiibo,Se tiró la caja de la edición especial,"52,45 €",Game,22/jun/2016,"40,00 €","40,00 €",11/4/2025,Completado,
Bloodborne,PlayStation 4,2015,Sony Computer Entertainment,From Software,España,,,,Completo,TRUE,TRUE,TRUE,,,,,,,"0,00 €",Incluído con consola,19/jun/2015,"10,00 €","10,00 €",11/4/2025,Jugado,
Captain Tsubasa: Rise of New Champions,PlayStation 4,2020,Bandai Namco Entertainment,Tamsoft,España,,,,Completo,TRUE,TRUE,TRUE,,,,,,,"54,14 €",Fnac,28/ago/2020,"15,00 €","15,00 €",11/4/2025,Completado,
Commandos 2 & Praetorians: HD Remaster Double Pack,PlayStation 4,2020,Kalypso Media,Torus Games,España,,,,Completo,TRUE,TRUE,TRUE,,,,,,,"20,00 €",Game,06/2024,"25,00 €","25,00 €",11/4/2025,Sin Jugar,
Crash Bandicoot N. Sane Trilogy,PlayStation 4,2017,Activision Blizzard,Vicarious Visions,España,,,,Completo,TRUE,TRUE,TRUE,,,,,,,"35,14 €",Fnac,29/jun/2017,"20,00 €","20,00 €",11/4/2025,Jugado,
Dark Souls III,PlayStation 4,2016,Bandai Namco Entertainment,From Software,España,Game of the Year Edition,,,Completo,TRUE,TRUE,TRUE,,,,,,,"46,73 €",Fnac,02/jun/2017,"25,00 €","25,00 €",11/4/2025,Sin Jugar,
Dragon Quest XI: Ecos de un Pasado Perdido,PlayStation 4,2017,Square Enix,Square Enix,España,,,,Completo,TRUE,TRUE,TRUE,,,,,,Falta completar postgame,"52,24 €",Fnac,04/sep/2018,"10,00 €","10,00 €",11/4/2025,Completado,
FIFA 16,PlayStation 4,2015,Electronic Arts,EA Canada,España,,,,Completo,TRUE,TRUE,TRUE,,,,,,,"53,59 €",Fnac,24/sep/2015,"5,00 €","5,00 €",11/4/2025,Jugado,
Final Fantasy VII Remake,PlayStation 4,2020,Square Enix,Square Enix,España,Deluxe Edition,,,Completo,TRUE,TRUE,TRUE,,,,,,,"84,95 €",Game,01/abr/2020,"90,00 €","90,00 €",11/4/2025,Completado,
Final Fantasy XIV Online The Complete Edition,PlayStation 4,2017,Square Enix,Square Enix Product Development Division 3,España,Complete Edition V.1,,,Completo,TRUE,TRUE,TRUE,,,,,,,"15,00 €",El Corte Inglés,14/nov/2019,"15,00 €","15,00 €",11/4/2025,Probado,
Final Fantasy XV,PlayStation 4,2016,Square Enix,Square Enix,Alemania,Special Edition Steelbook,,,Completo,TRUE,TRUE,TRUE,,,,,Steelbook,,"11,89 €",Amazon ES,26/jun/2019,"25,00 €","25,00 €",11/4/2025,Probado,
God of War,PlayStation 4,2018,Sony Interactive Entertainment,Santa Monica Studio,España,,,,Completo,TRUE,TRUE,TRUE,,,,,,,"44,64 €",Fnac,19/sep/2018,"10,00 €","10,00 €",11/4/2025,Completado,
Gran Turismo Sport,PlayStation 4,2017,Sony Interactive Entertainment,Polyphony Digital,España,Edición Especial Steelbook,,,Completo,TRUE,TRUE,TRUE,,,,,Steelbook,,"71,24 €",Fnac,18/oct/2017,"20,00 €","20,00 €",11/4/2025,Jugado,
La Tierra Media: Sombras de Mordor,PlayStation 4,2014,Warner Bros. Interactive Ent.,Monolith Productions,Italia,Game of the Year Edition,,,Completo,TRUE,TRUE,TRUE,,,,,,,"19,99 €",Amazon ES,01/oct/2018,"10,00 €","10,00 €",11/4/2025,Jugado,
Nioh,PlayStation 4,2017,Sony Interactive Entertainment,Team Ninja,España,,,,Completo,TRUE,TRUE,TRUE,,,,,,,"18,04 €",Fnac,08/jun/2018,"10,00 €","10,00 €",11/4/2025,Jugado,
No Man's Sky,PlayStation 4,2016,Sony Interactive Entertainment,Hello Games,España,,,,Completo,TRUE,TRUE,TRUE,,,,,Steelbook,,"44,99 €",Game,04/jun/2016,"25,00 €","25,00 €",11/4/2025,Jugado,
Persona 5 Royal,PlayStation 4,2019,SEGA,Atlus,España,Steelbook Edition,,,Completo,TRUE,TRUE,TRUE,,,,,Steelbook,,"52,24 €",Fnac,26/mar/2020,"45,00 €","45,00 €",11/4/2025,Completado,
Shenmue I & II,PlayStation 4,2018,SEGA,D3T,España,,,,Completo,TRUE,TRUE,TRUE,,,,,,,"30,39 €",Fnac,21/ago/2018,"20,00 €","20,00 €",11/4/2025,Sin Jugar,
Shenmue III,PlayStation 4,2019,Deep Silver,YS Net,Europa,Kickstarter -  Special Backer Edition,,,Completo,TRUE,TRUE,TRUE,,,,,,,"85,00 €",Kickstarter,19/sep/2019,"40,00 €","40,00 €",11/4/2025,Sin Jugar,
Star Wars Battlefront,PlayStation 4,2015,Electronic Arts,Dice,España,,,,Completo,TRUE,TRUE,TRUE,,,,,,,"53,59 €",Fnac,19/nov/2015,"5,00 €","5,00 €",11/4/2025,Jugado,
The Last Guardian,PlayStation 4,2016,Sony Computer Entertainment,GenDESIGN,España,,,,Completo,TRUE,TRUE,TRUE,,,,,,,"19,90 €",Game,19/jul/2025,"20,00 €","20,00 €",21/7/2025,Completado,
Uncharted 4: El Desenlace del Ladrón,PlayStation 4,2016,Sony Computer Entertainment,Naughty Dog,España,,,,Completo,TRUE,TRUE,TRUE,,,,,,,"18,04 €",Fnac,08/jun/2016,"10,00 €","10,00 €",11/4/2025,Sin Jugar,
Uncharted: The Nathan Drake Collection,PlayStation 4,2015,Sony Computer Entertainment,Blue Point Games,España,,,,Completo,TRUE,TRUE,TRUE,,,,,,,"18,04 €",Fnac,08/jun/2016,"10,00 €","10,00 €",11/4/2025,Jugado,
Valkyria Chronicles Remastered,PlayStation 4,2016,SEGA,SEGA WOW,España,Europa Edition,,,Completo,TRUE,TRUE,TRUE,,,,,,,"23,74 €",Fnac,17/may/2016,"40,00 €","40,00 €",11/4/2025,Probado,
Yakuza 0,PlayStation 4,2015,SEGA,Ryuu ga Gotoku Studio,España,,,,Completo,TRUE,TRUE,TRUE,,,,,,,"17,90 €",Amazon ES,11/jun/2018,"40,00 €","40,00 €",11/4/2025,Probado,
Dark Souls Trilogy,Xbox One,2018,Bandai Namco Entertainment,From Software,Reino Unido,,,,Completo,TRUE,TRUE,TRUE,,,,,,,"47,01 €",Ebay,12/nov/2021,"50,00 €","50,00 €",11/4/2025,Jugado,
Divinity Original Sin II,Xbox One,2018,Bandai Namco Entertainment,Larian Studios,España,,,,Completo,TRUE,TRUE,TRUE,,,,,,,"28,00 €",CEX,11/jul/2025,"60,00 €","60,00 €",21/07/2025,Sin Jugar,
Art of Rally,Switch,2020,Funselektor Labs Inc,Funselektor Labs Inc,España,Deluxe Edition,,,Completo,TRUE,TRUE,TRUE,,,,,,,"19,99 €",Xtralife,12/ene/2025,"25,00 €","25,00 €",16/4/2025,Completado,
Bloodstained: Ritual of the Night,Switch,2019,505 Games,Artmature Studios,España,,,,Completo,TRUE,TRUE,TRUE,,,,,,,"16,14 €",Fnac,23/nov/2019,"25,00 €","25,00 €",16/4/2025,Completado,
Dragon Quest Builders,Switch,2018,Square Enix,Square Enix Business Division 5,España,,,,Completo,TRUE,TRUE,TRUE,,,,,,,"19,59 €",Fnac,09/may/2025,"25,00 €","25,00 €",16/4/2025,Jugado,
Dragon Quest XI S,Switch,2019,Square Enix,Square Enix,Japón,,,,Completo,TRUE,TRUE,TRUE,,,,,,Solo tiene idioma japonés. Comprado por 5720Y,"35,00 €",Hard Off (Kyoto),oct/2024,"40,00 €","40,00 €",16/4/2025,Sin Jugar,
Final Fantasy Pixel Remaster,Switch,2023,Square Enix,"TOSE, Square Enix",Asia,,,,Completo,TRUE,TRUE,TRUE,,,,,,,"102,90 €",Miravia,26/dic/2023,"65,00 €","65,00 €",16/4/2025,Jugado,
Final Fantasy VII & VIII Remastered Twin Pack,Switch,2020,Square Enix,DotEmu,España,,,,Completo,TRUE,TRUE,TRUE,,,,,,,"23,24 €",Fnac,01/nov/2020,"60,00 €","60,00 €",16/4/2025,Completado,
Final Fantasy X/X-2 HD Remaster,Switch,2019,Square Enix,"Square Enix 1st Production Department, Virtuos",España,,,,Completo,TRUE,TRUE,TRUE,,,,,,"El FFX viene en cartucho, el FFX-2 en código (aún no canjeado)","37,89 €",Amazon ES,27/ene/2021,"20,00 €","20,00 €",16/4/2025,Jugado,
Fire Emblem Engage,Switch,2023,Nintendo,Intelligent Systems,Japón,Elyos Collection,,,Completo,TRUE,TRUE,TRUE,,,,,,,"65,00 €",Bic Camera (Ikebukuro),oct/2023,"80,00 €","80,00 €",16/4/2025,Sin Jugar,
Fire Emblem Three Houses,Switch,2019,Nintendo,Intelligent Systems,Europa,Limited Edition,,,Completo,TRUE,TRUE,TRUE,,,,,,,"84,90 €",Media Markt,26/jul/2019,"200,00 €","200,00 €",16/4/2025,Completado,
Gyakuten Saiban 123 Naruhodo Selection,Switch,2019,Capcom,Capcom,Japón,,HAC-P-AN3NA(JPN),,Completo,TRUE,FALSE,TRUE,8,8,N/A,9,,Comprado por 2619Y,"14,84 €",Bic Camera Outlet (Ikebukuro),27/oct/2025,"45,00 €","45,00 €",4/11/2025,Sin Jugar,
Kirby y la Tierra Olvidada,Switch,2022,Nintendo,HAL Laboratory,España,,,,Nuevo,TRUE,TRUE,TRUE,,,,,,,"37,99 €",Game,14/abr/2025,"40,00 €","40,00 €",16/4/2025,Sin Jugar,
Leyendas Pokémon: Arceus,Switch,2022,Nintendo,Game Freak,España,,,,Completo,TRUE,TRUE,TRUE,,,,,Steelbook,juego (40€) y Steelbook de gelao con la compra en Fnac (40€),"52,24 €",Fnac,28/ene/2022,"80,00 €","80,00 €",16/4/2025,Jugado,
Little Big Adventure: Twinsen's Quest,Switch,2024,2.21,2.21,España,Limited Edition,,,Completo,TRUE,TRUE,TRUE,,,,,,,"34,95 €",Xtralife,12/ene/2025,"35,00 €","35,00 €",16/4/2025,Completado,
Mario Kart 8 Deluxe,Switch,2017,Nintendo,Nintendo EPD,España,,,,Completo,TRUE,TRUE,TRUE,,,,,,,"0,00 €",Regalo (Ketty),01/nov/2019,"35,00 €","35,00 €",16/4/2025,Jugado,
Metroid Prime Remastered,Switch,2023,Nintendo,"Retro Studios, Iron Galaxy Studios",España,,,,Completo,TRUE,TRUE,TRUE,,,,,,,"34,90 €",Carrefour,mar/2023,"35,00 €","30,00 €",25/8/2025,Sin Jugar,
Naruto Ultimate Ninja Storm Trilogy,Switch,2017,Bandai Namco Entertainment,CyberConnect2,Japón,,,,Completo,TRUE,TRUE,TRUE,,,,,,Edición japonesa con juego físico (solo japonés y chino),"15,00 €",Bic Camera (Ikebukuro),oct/2018,"9,00 €","9,00 €",16/4/2025,Probado,
New Pokémon Snap,Switch,2021,"Nintendo, The Pokémon Company",Bandai NAMCO Studios,España,,,,Completo,TRUE,TRUE,TRUE,,,,,,,"42,24 €",Fnac,30/abr/2021,"30,00 €","30,00 €",16/4/2025,Jugado,
Nintendo World Championship,Switch,2024,Nintendo,Nintendo EPD,Japón,Special Edition,,,Completo,TRUE,TRUE,TRUE,,,,,Joycons Famicom,Special Edition con mandos Famicom. Comprado por 9999Y,"62,00 €",Amazon JP,30/oct/2024,"110,00 €","110,00 €",16/4/2025,Sin Jugar,
Okami HD,Switch,2018,Capcom,"Buzz Co., Ltd.",Japón,,,,Completo,TRUE,TRUE,TRUE,,,,,,"Edición japonesa. Japonés, Inglés, Alemán y Francés","15,00 €",Bic Camera (Ikebukuro),oct/2018,"40,00 €","40,00 €",16/4/2025,Completado,
Pokémon Diamante Brillante,Switch,2021,Nintendo,ILCA,España,,,,Completo,TRUE,TRUE,TRUE,,,,,,,"0,00 €",Regalo (Cumpleaños),09/nov/2021,"30,00 €","30,00 €",16/4/2025,Jugado,
Pokémon Escarlata / Púrpura (Edición Dual),Switch,2022,"Nintendo, The Pokémon Company",Game Freak,España,Edición Dual con Steelbook,,,Completo,TRUE,TRUE,TRUE,,,,,Steelbook,,"109,24 €",Fnac,18/nov/2022,"120,00 €","120,00 €",16/4/2025,Completado,
Pokémon Escudo,Switch,2019,Nintendo,Game Freak,España,,,,Completo,TRUE,TRUE,TRUE,,,,,,,"40,00 €",Game,2021,"30,00 €","30,00 €",16/4/2025,Completado,
Pokémon Espada,Switch,2019,Nintendo,Game Freak,España,,,,Nuevo,TRUE,TRUE,TRUE,,,,,,,"49,99 €",Game,13/jul/2025,"30,00 €","30,00 €",24/7/2025,Sin Jugar,
Pokémon Let's GO Eevee!,Switch,2018,Nintendo,Game Freak,España,,,,Nuevo,TRUE,TRUE,TRUE,,,,,,,"49,99 €",Game,13/jul/2025,"40,00 €","40,00 €",24/7/2025,Sin Jugar,
Pokémon Let's GO Pikachu!,Switch,2018,Nintendo,Game Freak,España,,,,Completo,TRUE,TRUE,TRUE,,,,,,,"42,24 €",Fnac,16/nov/2018,"35,00 €","35,00 €",16/4/2025,Completado,
Pokémon Perla Reluciente,Switch,2021,Nintendo,ILCA,España,,,,Nuevo,TRUE,TRUE,TRUE,,,,,,,"25,00 €",El Corte Inglés,24/abr/2025,"30,00 €","30,00 €",24/7/2025,Sin Jugar,
Pokken Tournament DX,Switch,2017,Nintendo,Bandai NAMCO Studios,Japón,,,,Completo,TRUE,TRUE,TRUE,,,,,,,"25,00 €",Book Off (Ikebukuro),nov/2024,"35,00 €","35,00 €",16/4/2025,Sin Jugar,
Puyo Puyo eSports,Switch,2019,SEGA,SEGA,Japón,,,,Completo,TRUE,TRUE,TRUE,,,,,,,"16,91 €",Nin Nin Game web,26/abr/2019,"30,00 €","30,00 €",16/4/2025,Sin Jugar,
Puyo Puyo Tetris,Switch,2017,Deep Silver,SECA CS2,España,,,,Completo,TRUE,TRUE,TRUE,,,,,,,"19,95 €",Amazon ES,14/jun/2019,"20,00 €","20,00 €",16/4/2025,Probado,
Rockman X Anniversary Collection,Switch,2018,Capcom,Capcom,Japón,,,,Completo,TRUE,TRUE,TRUE,,,,,,,"25,00 €",Book Off (Ikebukuro),nov/2024,"40,00 €","40,00 €",16/4/2025,Probado,
Sakuna: Of Rice and Ruin,Switch,2020,Marvelous,Edelweiss,España,,,,Completo,TRUE,TRUE,TRUE,,,,,,,"39,95 €",Amazon ES,18/nov/2020,"30,00 €","30,00 €",16/4/2025,Probado,
SEGA Mega Drive Classics (CIAB),Switch,2018,SEGA,D3T,España,,,,Completo,TRUE,TRUE,TRUE,,,,,,Edición CIAB,"10,00 €",Carrefour,jul/2024,"10,00 €","10,00 €",16/4/2025,Jugado,
SHINOBI Fukushuu no Zangeki,Switch,2025,SEGA,Lizarcube,Japón,,HAC-P-BCU8A(JPN),,Completo,TRUE,TRUE,TRUE,9,8,9,9,Código regalo,Comprado por 2255Y,"12,78 €",Bic Camera Outlet (Ikebukuro),27/oct/2025,,,4/11/2025,Sin Jugar,
Stardew Valley,Switch,2024,FanGamer,ConcernedApe,España,,TSA-HAC-ABPGA-ESP,,Nuevo,TRUE,TRUE,TRUE,,,,,,,"0,00 €",Regalo Reyes,06/ene/2026,,,,Sin Jugar,
Super Mario 3D All-Stars,Switch,2020,Nintendo,Nintendo EPD,España,,,,Completo,TRUE,TRUE,TRUE,,,,,,,"50,24 €",Fnac,04/sep/2020,"80,00 €","80,00 €",16/4/2025,Probado,
Super Mario 3D World + Bowser's Fury,Switch,2021,Nintendo,Nintendo EPD,Japón,,,,Completo,TRUE,TRUE,TRUE,,,,,,,"25,00 €",Bic Camera Outlet (Ikebukuro),nov/2024,"30,00 €","30,00 €",16/4/2025,Completado,
Super Mario Bros. Wonder,Switch,2023,Nintendo,Nintendo EPD,Japón,,,,Completo,TRUE,TRUE,TRUE,,,,,,,"30,00 €",Don Quijote (Kyoto),oct/2023,"35,00 €","35,00 €",16/4/2025,Completado,
Super Mario Odyssey,Switch,2017,Nintendo,Nintendo EPD,Japón,,,,Completo,TRUE,TRUE,TRUE,,,,,,,"30,00 €",Tsutaya Way (Shingu),oct/2018,"30,00 €","30,00 €",16/4/2025,Completado,
Super Mario Party Jamboree,Switch,2024,Nintendo,Nintendo Cube,Japón,,,,Completo,TRUE,TRUE,TRUE,,,,,,,"35,00 €",LABI (Ikebukuro),nov/2024,"40,00 €","40,00 €",16/4/2025,Jugado,
Dairantou Smash Bros. Special,Switch,2018,Nintendo,"Bandai NAMCO, Sora Ltd.",Japón,,,,Completo,TRUE,TRUE,TRUE,,,,,,,"35,00 €",Book Off (Ikebukuro),oct/2023,"35,00 €","35,00 €",16/4/2025,Jugado,
Taiko no Tatsujin Nintendo Switch Version!,Switch,2018,Bandai NAMCO,Bandai NAMCO Studios,Japón,,,,Completo,TRUE,TRUE,TRUE,,,,,,,"20,00 €",Bic Camera (Ikebukuro),oct/2018,"20,00 €","20,00 €",16/4/2025,Jugado,
"Tales of the Shire: A ""The Lord of the Rings"" Game",Switch,2025,Private Division,Wētā Workshop,España,,,,Completo,TRUE,TRUE,TRUE,,,,,,,"28,78 €",Fnac,8/ago/2025,"30,00 €","30,00 €",17/9/2025,Probado,
The Legend of Zelda: Link's Awakening,Switch,2019,Nintendo,Grezzo,España,Edición Limitada,,,Completo,TRUE,TRUE,TRUE,,,,,,,"79,95 €",Game,16/sep/2019,"120,00 €","120,00 €",16/4/2025,Completado,
The Legend of Zelda: Skyward Sword HD,Switch,2021,Nintendo,Tantalus Media,España,,,,Completo,TRUE,TRUE,TRUE,,,,,,,"52,24 €",Fnac,16/jul/2021,"35,00 €","35,00 €",16/4/2025,Sin Jugar,
The Legend of Zelda: Tears of the Kingdom,Switch,2023,Nintendo,Nintendo EPD,España,,,,Completo,TRUE,TRUE,TRUE,,,,,,,"52,32 €",Fnac,12/may/2023,"40,00 €","40,00 €",16/4/2025,Completado,
The Wonderful 101: Remastered,Switch,2020,PlatinumGames,PlatinumGames,España,Kickstarter Edition,,,Completo,TRUE,TRUE,TRUE,,,,,,Comprado por 4945Y,"30,00 €",Kickstarter,03/feb/2020,"40,00 €","40,00 €",16/4/2025,Sin Jugar,
Ys Origin,Switch,2020,DotEmu,Nihon Falcom,España,,,,Completo,TRUE,TRUE,TRUE,,,,,,,"31,68 €",Amazon ES,01/nov/2020,"35,00 €","35,00 €",16/4/2025,Probado,
Zelda no Densetsu: Breath of the Wild,Switch,2017,Nintendo,Nintendo EPD,Japón,Limited Edition,,,Completo,TRUE,TRUE,TRUE,,,,,"Guía, Mapa",,"38,00 €",Book Off (Ikebukuro),oct/2018,"100,00 €","100,00 €",16/4/2025,Completado,
Zelda no Densetsu: Chie no Karimono,Switch,2024,Nintendo,Grezzo,Japón,,,,Completo,TRUE,TRUE,TRUE,,,,,,Echoes of Wisdom,"35,00 €",Bic Camera Outlet (Ikebukuro),nov/2024,"35,00 €","35,00 €",16/4/2025,Completado,
Elden Ring,Xbox Series X/S,2022,Bandai Namco Entertainment,FromSoftware,España,Launch Edition,,,Completo,TRUE,TRUE,TRUE,,,,,,,"62,95 €",Xtralife,26/feb/2022,"40,00 €","40,00 €",16/4/2025,Jugado,
Clair Obscur: Expedition 33,Xbox Series X/S,2025,Kepler Interactive,Sandfall Interactive,España,,,,Completo,TRUE,TRUE,TRUE,,,,,,Pestaña del cierre de la caja rota,"47,49 €",Fnac,24/abr/2025,"40,00 €","40,00 €",24/4/2025,Completado,
Hogwarts Legacy,Xbox Series X/S,2023,Warner Bros. Interactive Ent.,Avalanche,España,,932 42645,,Nuevo,TRUE,TRUE,TRUE,,,,,,Sellado,"14,90 €",El Corte Inglés (Alcalá),29/dic/2025,,,,Sin Jugar,
Tekken 8,Xbox Series X/S,2024,Bandai Namco,Bandai Namco,España,,920 28652,,Nuevo,TRUE,TRUE,TRUE,,,,,,Sellado,"14,90 €",El Corte Inglés (Alcalá),29/dic/2025,,,,Sin Jugar,
Astro Bot,PlayStation 5,2024,Sony Interactive Entertainment,Team Asobi,Japón,,,,Completo,TRUE,TRUE,TRUE,,,,,,Platinado,"37,00 €",Bic Camera Outlet (Ikebukuro),nov/2024,"45,00 €","45,00 €",11/4/2025,Completado,
Baldurs Gate 3,PlayStation 5,2023,Larian Studios,Larian Studios,Europa,Deluxe Edition,,,Completo,TRUE,TRUE,TRUE,,,,,,,"0,00 €",Regalo (Reyes),24/may/2024,"150,00 €","150,00 €",11/4/2025,Completado,
Dragon Age: The Veilguard,PlayStation 5,2024,Electronic Arts,BioWare,España,,,,Completo,TRUE,TRUE,TRUE,,,,,,,"26,59 €",Fnac,19/jul/2025,"25,00 €","25,00 €",21/7/2025,Sin Jugar,
Final Fantasy VII Rebirth,PlayStation 5,2024,Square Enix,Square Enix,España,Deluxe Edition,,,Completo,TRUE,TRUE,TRUE,,,,,,,"109,99 €",Game,29/feb/2024,"160,00 €","160,00 €",21/7/2025,Sin Jugar,
Final Fantasy XVI,PlayStation 5,2023,Square Enix,Square Enix,España,Deluxe Edition,,,Completo,TRUE,TRUE,TRUE,,,,,,,"109,99 €",Game,22/jun/2023,"70,00 €","70,00 €",11/4/2025,Completado,
Gran Turismo 7,PlayStation 5,2022,Sony Interactive Entertainment,Polyphony Digital,España,Edición 25 Aniversario,,,Completo,TRUE,TRUE,TRUE,,,,,,"CD físico PS5, código PS4 canjeado","94,99 €",Fnac,04/mar/2022,"65,00 €","65,00 €",11/4/2025,Jugado,
Metaphor: ReFantazio,PlayStation 5,2024,Atlus,Atlus,Japón,,,,Completo,TRUE,TRUE,TRUE,,,,,,,"43,00 €",Bic Camera Outlet (Ikebukuro),nov/2024,"30,00 €","30,00 €",11/4/2025,Sin Jugar,
The Lord of the Rings: Gollum,PlayStation 5,2023,Nacon,Daedalic Entertainment,España,,,,Nuevo,TRUE,TRUE,TRUE,10,10,10,10,,Sellado,"6,50 €",Carrefour,13/sept/2025,"15,00 €","15,00 €",17/9/2025,Sin Jugar,
Donkey Kong Bananza,Switch 2,2025,Nintendo,Nintendo EPD Tokyo,España,,BEE-P-AAACA,,Completo,TRUE,FALSE,TRUE,9,9,N/A,9,,,"61,17 €",Fnac,17/jul/2025,"65,00 €","65,00 €",21/7/2025,Completado,
Kunitsugami: Path of the Goddess,Switch 2,2025,Capcom,Capcom,Japón,,POT-P-AAG8A(JPN),,Nuevo,TRUE,TRUE,TRUE,10,10,10,10,,Game Key Card. Comprado nuevo por 3591Y,"20,35 €",Bic Camera Outlet (Ikebukuro),31/oct/2025,"45,00 €","45,00 €",4/11/2025,Sin Jugar,
Mario Kart World,Switch 2,2025,Nintendo,Nintendo EPD Tokyo,España,,BEE-P-AAAAA,,Completo,TRUE,FALSE,TRUE,9,9,N/A,9,,,"67,83 €",Fnac,05/jun/2025,"65,00 €","65,00 €",21/7/2025,Jugado,
Metroid Prime 4: Beyond,Switch 2,2025,Nintendo,Retro Studios,España,,,,Completo,TRUE,FALSE,TRUE,,,,,,,"49,70 €",Fnac,04/dic/2025,,,,Jugado,
Ryuu ga Gotoku 0 Director's Cut,Switch 2,2025,SEGA,Ryuu ga Gotoku Studio,Japón,,POT-P-AAGRA(JPN),,Completo,TRUE,TRUE,TRUE,9,9,9,9,,Game Key Card. Comprado por 4100Y,"23,24 €",Book Off (Ikebukuro),31/oct/2025,"35,00 €","35,00 €",4/11/2025,Sin Jugar,
Ryuu no Kuni - Rune Factory,Switch 2,2025,Marvelous,Marvelous,Japón,,NXS-P-BEWEJ(JPN),,Completo,TRUE,FALSE,TRUE,8,8,N/A,9,,Comprado por 5700Y. Restos de pegamento en portada,"32,31 €",Book Off (Ikebukuro),31/oct/2025,"50,00 €","50,00 €",4/11/2025,Jugado,